{"materialInfo":{"version":1,"textures":[{"name":"base_color_texture","uri":"Untitled_4.jpg","addressu":"repeat","addressv":"repeat","minfilter":"linear_mip_linear","magfilter":"linear","anisotropy":1},{"name":"normalmap_texture","uri":"invert.jpg","addressu":"repeat","addressv":"repeat","minfilter":"linear_mip_linear","magfilter":"linear","anisotropy":1}],"materials":[{"name":"Material.001","shader":"phong","parameters":[{"name":"ambient","type":"vec3","data":[0,0,0]},{"name":"diffuse","type":"vec3","data":[0.8,0.8,0.8]},{"name":"diffuseMap","type":"texture","data":0},{"name":"diffuseMapOffset","type":"vec2","data":[0,0]},{"name":"diffuseMapTiling","type":"vec2","data":[1,1]},{"name":"diffuseMapRotation","type":"vec3","data":[0,0,0]},{"name":"specular","type":"vec3","data":[0.0267717,0.0267717,0.0267717]},{"name":"shininess","type":"float","data":36.4678},{"name":"emissive","type":"vec3","data":[0.00103168,0.00103168,0.00103168]},{"name":"normalMap","type":"texture","data":1},{"name":"normalMapOffset","type":"vec2","data":[0,0]},{"name":"normalMapTiling","type":"vec2","data":[1,1]},{"name":"normalMapRotation","type":"vec3","data":[0,0,0]},{"name":"bumpMapFactor","type":"float","data":1},{"name":"opacity","type":"float","data":1}]}],"mappings":[{"material":0}]}}