{
	"scene": {
		"version": 1,
		"assets": {
			"renders": {
				"Plane.002": {
					"index": 0,
					"meshes": 1,
					"skinned": false,
					"vertices": 26,
					"triangles": 12,
					"attributes": {
						"POSITION": 1,
						"NORMAL": 1,
						"TEXCOORD_0": 1
					}
				}
			},
			"materials": [
				"Material.001"
			]
		},
		"entities": {
			"0": {
				"name": "RootNode",
				"parent": -1,
				"position": [
					0,
					0,
					0
				],
				"rotation": [
					0,
					0,
					0
				],
				"scale": [
					0.01,
					0.01,
					0.01
				],
				"scaleCompensation": false,
				"children": [
					1
				]
			},
			"1": {
				"name": "Plane.001",
				"parent": 0,
				"position": [
					0,
					0,
					0
				],
				"rotation": [
					-90,
					0,
					0
				],
				"scale": [
					100,
					100,
					100
				],
				"scaleCompensation": false,
				"children": [

				],
				"components": {
					"render": {
						"id": "Plane.002",
						"materials": [
							"Material.001"
						]
					}
				}
			}
		}
	}
}