{"name":"texture","data":{"shader":"blinn","blendType":3,"cull":1,"useLighting":true,"twoSidedLighting":false,"useMetalness":true,"useMetalnessSpecularColor":true,"depthWrite":true,"emissiveTint":false,"glossInvert":true,"clearCoatGlossInvert":false,"sheenGlossInvert":false,"useDynamicRefraction":false,"useSheen":false,"diffuseTint":false,"specularTint":true,"sheenTint":false,"useIridescence":false,"metalness":0.629921,"shininess":51.9685,"opacity":1,"bumpMapFactor":1,"reflectivity":1,"alphaTest":0,"clearCoat":0,"clearCoatGloss":1,"clearCoatBumpiness":1,"specularityFactor":1,"refractionIndex":0.666667,"refraction":0,"sheenGloss":0,"thickness":0,"attenuationDistance":0,"emissiveIntensity":1,"iridescence":0,"iridescenceRefractionIndex":0.666667,"iridescenceThicknessMin":0,"iridescenceThicknessMax":0,"ambient":[0.5,0.5,0.5],"diffuse":[1,1,1],"emissive":[0,0,0],"specular":[0.267831,0.267831,0.267831],"sheen":[1,1,1],"attenuation":[1,1,1],"diffuseMap":0,"normalMap":1,"opacityMap":0,"opacityMapChannel":"a"}}