{
	"scene": {
		"version": 1,
		"assets": {
			"renders": [
				{
					"name": "awning.011_LOD1",
					"index": 0,
					"meshes": 1,
					"skinned": false,
					"vertices": 30357,
					"triangles": 18961,
					"attributes": {
						"POSITION": 1,
						"NORMAL": 1,
						"TEXCOORD_0": 1
					},
					"meshCompression": "draco"
				}
			],
			"materials": [
				"texture"
			]
		},
		"entities": {
			"0": {
				"name": "spacebase_lod",
				"parent": -1,
				"position": [
					0.10344,
					6.49361,
					3.90038
				],
				"rotation": [
					0,
					0,
					0
				],
				"scale": [
					0.0197607,
					0.0197607,
					0.0197607
				],
				"scaleCompensation": false,
				"children": [

				],
				"components": {
					"render": {
						"id": 0,
						"materials": [
							"texture"
						]
					}
				}
			}
		}
	}
}