{
	"scene": {
		"version": 1,
		"assets": {
			"renders": [
				{
					"name": "CloneX_Male_SuitGeo.001.baked.001_LOD1",
					"index": 0,
					"meshes": 1,
					"skinned": true,
					"vertices": 13354,
					"triangles": 19987,
					"attributes": {
						"POSITION": 1,
						"NORMAL": 1,
						"BONEINDICES": 1,
						"BONEWEIGHTS": 1,
						"TEXCOORD_0": 1
					},
					"meshCompression": ""
				}
			],
			"materials": [
				"atlas"
			]
		},
		"entities": {
			"0": {
				"name": "RootNode",
				"parent": -1,
				"position": [
					0,
					0,
					0
				],
				"rotation": [
					0,
					0,
					0
				],
				"scale": [
					0.01,
					0.01,
					0.01
				],
				"scaleCompensation": false,
				"children": [
					1,
					81
				]
			},
			"1": {
				"name": "Armature",
				"parent": 0,
				"position": [
					0,
					0,
					0
				],
				"rotation": [
					-90,
					0,
					0
				],
				"scale": [
					100,
					100,
					100
				],
				"scaleCompensation": false,
				"children": [
					2,
					3
				]
			},
			"2": {
				"name": "secondary",
				"parent": 1,
				"position": [
					0,
					0,
					0
				],
				"rotation": [
					0,
					-0,
					-180
				],
				"scale": [
					1,
					1,
					1
				],
				"scaleCompensation": false,
				"children": [

				]
			},
			"3": {
				"name": "mixamorig:Hips",
				"parent": 1,
				"position": [
					-4.8763e-08,
					-0.00178319,
					0.906583
				],
				"rotation": [
					87.7434,
					-0.000505009,
					0.000525301
				],
				"scale": [
					1,
					1,
					1
				],
				"scaleCompensation": false,
				"children": [
					4,
					10,
					16
				]
			},
			"4": {
				"name": "mixamorig:LeftUpLeg",
				"parent": 3,
				"position": [
					0.0913903,
					-0.0518316,
					-0.00666405
				],
				"rotation": [
					-178.273,
					1.75656,
					-1.63948
				],
				"scale": [
					1,
					1,
					1
				],
				"scaleCompensation": false,
				"children": [
					5
				]
			},
			"5": {
				"name": "mixamorig:LeftLeg",
				"parent": 4,
				"position": [
					-1.01354e-08,
					0.400978,
					-5.82077e-10
				],
				"rotation": [
					4.58228,
					3.68349,
					-3.50363
				],
				"scale": [
					1,
					1,
					1
				],
				"scaleCompensation": false,
				"children": [
					6
				]
			},
			"6": {
				"name": "mixamorig:LeftFoot",
				"parent": 5,
				"position": [
					1.97906e-09,
					0.346234,
					9.31323e-10
				],
				"rotation": [
					-53.0346,
					6.08804,
					-24.4846
				],
				"scale": [
					1,
					1,
					1
				],
				"scaleCompensation": false,
				"children": [
					7
				]
			},
			"7": {
				"name": "mixamorig:LeftToeBase",
				"parent": 6,
				"position": [
					-3.50906e-09,
					0.17147,
					3.01065e-09
				],
				"rotation": [
					38.2144,
					151.379,
					-3.33952
				],
				"scale": [
					1,
					1,
					1
				],
				"scaleCompensation": false,
				"children": [
					8
				]
			},
			"8": {
				"name": "mixamorig:LeftToe_End",
				"parent": 7,
				"position": [
					-7.84348e-09,
					0.0654258,
					-4.07454e-10
				],
				"rotation": [
					2.64136e-06,
					6.28924e-05,
					-1.19228e-05
				],
				"scale": [
					1,
					1,
					1
				],
				"scaleCompensation": false,
				"children": [
					9
				]
			},
			"9": {
				"name": "mixamorig:LeftToe_End_end",
				"parent": 8,
				"position": [
					0,
					0.0654259,
					0
				],
				"rotation": [
					0,
					0,
					0
				],
				"scale": [
					1,
					1,
					1
				],
				"scaleCompensation": false,
				"children": [

				]
			},
			"10": {
				"name": "mixamorig:RightUpLeg",
				"parent": 3,
				"position": [
					-0.0913902,
					-0.0520078,
					-0.00219322
				],
				"rotation": [
					-178.502,
					-1.75816,
					1.64557
				],
				"scale": [
					1,
					1,
					1
				],
				"scaleCompensation": false,
				"children": [
					11
				]
			},
			"11": {
				"name": "mixamorig:RightLeg",
				"parent": 10,
				"position": [
					5.80621e-09,
					0.400868,
					-2.32831e-10
				],
				"rotation": [
					5.81239,
					-3.69406,
					3.46124
				],
				"scale": [
					1,
					1,
					1
				],
				"scaleCompensation": false,
				"children": [
					12
				]
			},
			"12": {
				"name": "mixamorig:RightFoot",
				"parent": 11,
				"position": [
					-5.23869e-09,
					0.346854,
					-3.72529e-09
				],
				"rotation": [
					-53.2372,
					-5.8212,
					24.5017
				],
				"scale": [
					1,
					1,
					1
				],
				"scaleCompensation": false,
				"children": [
					13
				]
			},
			"13": {
				"name": "mixamorig:RightToeBase",
				"parent": 12,
				"position": [
					-7.90237e-09,
					0.169039,
					-6.66432e-09
				],
				"rotation": [
					39.2351,
					-151.551,
					2.7039
				],
				"scale": [
					1,
					1,
					1
				],
				"scaleCompensation": false,
				"children": [
					14
				]
			},
			"14": {
				"name": "mixamorig:RightToe_End",
				"parent": 13,
				"position": [
					2.62662e-09,
					0.0679881,
					-1.22236e-09
				],
				"rotation": [
					-4.16215e-06,
					8.7145e-06,
					2.8348e-06
				],
				"scale": [
					1,
					1,
					1
				],
				"scaleCompensation": false,
				"children": [
					15
				]
			},
			"15": {
				"name": "mixamorig:RightToe_End_end",
				"parent": 14,
				"position": [
					0,
					0.0679881,
					0
				],
				"rotation": [
					0,
					0,
					0
				],
				"scale": [
					1,
					1,
					1
				],
				"scaleCompensation": false,
				"children": [

				]
			},
			"16": {
				"name": "mixamorig:Spine",
				"parent": 3,
				"position": [
					1.19549e-12,
					0.0935863,
					2.32031e-09
				],
				"rotation": [
					-4.26864e-05,
					-0.000504439,
					-0.000524709
				],
				"scale": [
					1,
					1,
					1
				],
				"scaleCompensation": false,
				"children": [
					17
				]
			},
			"17": {
				"name": "mixamorig:Spine1",
				"parent": 16,
				"position": [
					6.02851e-14,
					0.109184,
					-2.32832e-09
				],
				"rotation": [
					4.48231e-06,
					-9.02125e-10,
					-7.25431e-10
				],
				"scale": [
					1,
					1,
					1
				],
				"scaleCompensation": false,
				"children": [
					18
				]
			},
			"18": {
				"name": "mixamorig:Spine2",
				"parent": 17,
				"position": [
					-2.71727e-14,
					0.124781,
					9.31314e-10
				],
				"rotation": [
					-0.0606509,
					20.9663,
					21.7665
				],
				"scale": [
					1,
					1,
					1
				],
				"scaleCompensation": false,
				"children": [
					19,
					48,
					52
				]
			},
			"19": {
				"name": "mixamorig:LeftShoulder",
				"parent": 18,
				"position": [
					0.0808178,
					0.0902992,
					0.0291125
				],
				"rotation": [
					-77.7889,
					-104.317,
					-55.1081
				],
				"scale": [
					1,
					1,
					1
				],
				"scaleCompensation": false,
				"children": [
					20
				]
			},
			"20": {
				"name": "mixamorig:LeftArm",
				"parent": 19,
				"position": [
					2.79397e-08,
					0.102391,
					1.61584e-07
				],
				"rotation": [
					18.9317,
					19.2616,
					-1.00822
				],
				"scale": [
					1,
					1,
					1
				],
				"scaleCompensation": false,
				"children": [
					21
				]
			},
			"21": {
				"name": "mixamorig:LeftForeArm",
				"parent": 20,
				"position": [
					2.4266e-09,
					0.165095,
					1.0352e-07
				],
				"rotation": [
					5.22632e-05,
					5.22631e-05,
					4.92616e-05
				],
				"scale": [
					1,
					1,
					1
				],
				"scaleCompensation": false,
				"children": [
					22
				]
			},
			"22": {
				"name": "mixamorig:LeftHand",
				"parent": 21,
				"position": [
					2.15513e-09,
					0.229979,
					1.62721e-07
				],
				"rotation": [
					-1.81582,
					-1.80573,
					0.319171
				],
				"scale": [
					1,
					1,
					1
				],
				"scaleCompensation": false,
				"children": [
					23,
					28,
					33,
					38,
					43
				]
			},
			"23": {
				"name": "mixamorig:LeftHandIndex1",
				"parent": 22,
				"position": [
					0.0193531,
					0.103886,
					0.000526265
				],
				"rotation": [
					1.8067,
					1.8149,
					-0.260958
				],
				"scale": [
					1,
					1,
					1
				],
				"scaleCompensation": false,
				"children": [
					24
				]
			},
			"24": {
				"name": "mixamorig:LeftHandIndex2",
				"parent": 23,
				"position": [
					-2.16289e-11,
					0.0266525,
					9.93034e-09
				],
				"rotation": [
					8.5389e-07,
					-8.66598e-08,
					-0.0011981
				],
				"scale": [
					1,
					1,
					1
				],
				"scaleCompensation": false,
				"children": [
					25
				]
			},
			"25": {
				"name": "mixamorig:LeftHandIndex3",
				"parent": 24,
				"position": [
					3.0127e-12,
					0.0268853,
					-3.28133e-11
				],
				"rotation": [
					0.00030398,
					0.000303985,
					-0.000842151
				],
				"scale": [
					1,
					1,
					1
				],
				"scaleCompensation": false,
				"children": [
					26
				]
			},
			"26": {
				"name": "mixamorig:LeftHandIndex4",
				"parent": 25,
				"position": [
					-4.3201e-11,
					0.0224693,
					3.92563e-09
				],
				"rotation": [
					-2.6763e-11,
					7.65422e-11,
					7.41736e-08
				],
				"scale": [
					1,
					1,
					1
				],
				"scaleCompensation": false,
				"children": [
					27
				]
			},
			"27": {
				"name": "mixamorig:LeftHandIndex4_end",
				"parent": 26,
				"position": [
					0,
					0.0224692,
					0
				],
				"rotation": [
					0,
					0,
					0
				],
				"scale": [
					1,
					1,
					1
				],
				"scaleCompensation": false,
				"children": [

				]
			},
			"28": {
				"name": "mixamorig:LeftHandMiddle1",
				"parent": 22,
				"position": [
					0.000617005,
					0.110771,
					0.00349227
				],
				"rotation": [
					1.80665,
					1.81495,
					-0.262687
				],
				"scale": [
					1,
					1,
					1
				],
				"scaleCompensation": false,
				"children": [
					29
				]
			},
			"29": {
				"name": "mixamorig:LeftHandMiddle2",
				"parent": 28,
				"position": [
					-1.62288e-10,
					0.0275629,
					1.09862e-07
				],
				"rotation": [
					-0.000242693,
					-0.000242378,
					0.00129531
				],
				"scale": [
					1,
					1,
					1
				],
				"scaleCompensation": false,
				"children": [
					30
				]
			},
			"30": {
				"name": "mixamorig:LeftHandMiddle3",
				"parent": 29,
				"position": [
					-2.46473e-10,
					0.0282178,
					7.56332e-08
				],
				"rotation": [
					0.000798382,
					0.000798376,
					-0.00025815
				],
				"scale": [
					1,
					1,
					1
				],
				"scaleCompensation": false,
				"children": [
					31
				]
			},
			"31": {
				"name": "mixamorig:LeftHandMiddle4",
				"parent": 30,
				"position": [
					3.84262e-10,
					0.0245544,
					1.23433e-07
				],
				"rotation": [
					4.63163e-11,
					8.85737e-11,
					4.3463e-06
				],
				"scale": [
					1,
					1,
					1
				],
				"scaleCompensation": false,
				"children": [
					32
				]
			},
			"32": {
				"name": "mixamorig:LeftHandMiddle4_end",
				"parent": 31,
				"position": [
					0,
					0.0245544,
					0
				],
				"rotation": [
					0,
					0,
					0
				],
				"scale": [
					1,
					1,
					1
				],
				"scaleCompensation": false,
				"children": [

				]
			},
			"33": {
				"name": "mixamorig:LeftHandPinky1",
				"parent": 22,
				"position": [
					-0.0303113,
					0.103554,
					0.00190943
				],
				"rotation": [
					1.80704,
					1.81522,
					-0.26067
				],
				"scale": [
					1,
					1,
					1
				],
				"scaleCompensation": false,
				"children": [
					34
				]
			},
			"34": {
				"name": "mixamorig:LeftHandPinky2",
				"parent": 33,
				"position": [
					2.88128e-09,
					0.0208115,
					-3.18799e-08
				],
				"rotation": [
					-0.000717077,
					-0.000717015,
					-0.00196252
				],
				"scale": [
					1,
					1,
					1
				],
				"scaleCompensation": false,
				"children": [
					35
				]
			},
			"35": {
				"name": "mixamorig:LeftHandPinky3",
				"parent": 34,
				"position": [
					1.30149e-09,
					0.0175669,
					-5.93914e-08
				],
				"rotation": [
					0.00130437,
					0.00130441,
					-0.000235118
				],
				"scale": [
					1,
					1,
					1
				],
				"scaleCompensation": false,
				"children": [
					36
				]
			},
			"36": {
				"name": "mixamorig:LeftHandPinky4",
				"parent": 35,
				"position": [
					1.47156e-09,
					0.0149203,
					1.66125e-08
				],
				"rotation": [
					1.93686e-10,
					3.27036e-10,
					9.00176e-12
				],
				"scale": [
					1,
					1,
					1
				],
				"scaleCompensation": false,
				"children": [
					37
				]
			},
			"37": {
				"name": "mixamorig:LeftHandPinky4_end",
				"parent": 36,
				"position": [
					0,
					0.0149202,
					0
				],
				"rotation": [
					0,
					0,
					0
				],
				"scale": [
					1,
					1,
					1
				],
				"scaleCompensation": false,
				"children": [

				]
			},
			"38": {
				"name": "mixamorig:LeftHandRing1",
				"parent": 22,
				"position": [
					-0.0145438,
					0.113506,
					0.00433549
				],
				"rotation": [
					1.80695,
					1.81527,
					-0.26289
				],
				"scale": [
					1,
					1,
					1
				],
				"scaleCompensation": false,
				"children": [
					39
				]
			},
			"39": {
				"name": "mixamorig:LeftHandRing2",
				"parent": 38,
				"position": [
					-1.77579e-09,
					0.022064,
					-7.2735e-09
				],
				"rotation": [
					-1.02444e-05,
					-1.10757e-05,
					0.00197403
				],
				"scale": [
					1,
					1,
					1
				],
				"scaleCompensation": false,
				"children": [
					40
				]
			},
			"40": {
				"name": "mixamorig:LeftHandRing3",
				"parent": 39,
				"position": [
					-3.66981e-10,
					0.0228563,
					5.85928e-10
				],
				"rotation": [
					0.000398208,
					0.000398333,
					-0.00102568
				],
				"scale": [
					1,
					1,
					1
				],
				"scaleCompensation": false,
				"children": [
					41
				]
			},
			"41": {
				"name": "mixamorig:LeftHandRing4",
				"parent": 40,
				"position": [
					-1.20274e-09,
					0.0195979,
					4.77056e-08
				],
				"rotation": [
					3.62825e-10,
					2.30411e-10,
					-2.17823e-05
				],
				"scale": [
					1,
					1,
					1
				],
				"scaleCompensation": false,
				"children": [
					42
				]
			},
			"42": {
				"name": "mixamorig:LeftHandRing4_end",
				"parent": 41,
				"position": [
					0,
					0.0195978,
					0
				],
				"rotation": [
					0,
					0,
					0
				],
				"scale": [
					1,
					1,
					1
				],
				"scaleCompensation": false,
				"children": [

				]
			},
			"43": {
				"name": "mixamorig:LeftHandThumb1",
				"parent": 22,
				"position": [
					0.0248851,
					0.0397025,
					-0.0102633
				],
				"rotation": [
					-33.0276,
					-36.7846,
					-7.80432
				],
				"scale": [
					1,
					1,
					1
				],
				"scaleCompensation": false,
				"children": [
					44
				]
			},
			"44": {
				"name": "mixamorig:LeftHandThumb2",
				"parent": 43,
				"position": [
					-2.04891e-08,
					0.0383738,
					-1.38767e-07
				],
				"rotation": [
					0.000143433,
					-0.000190926,
					0.000493481
				],
				"scale": [
					1,
					1,
					1
				],
				"scaleCompensation": false,
				"children": [
					45
				]
			},
			"45": {
				"name": "mixamorig:LeftHandThumb3",
				"parent": 44,
				"position": [
					-1.67638e-08,
					0.0293611,
					4.65661e-08
				],
				"rotation": [
					-0.000234364,
					-0.000755589,
					0.000543855
				],
				"scale": [
					1,
					1,
					1
				],
				"scaleCompensation": false,
				"children": [
					46
				]
			},
			"46": {
				"name": "mixamorig:LeftHandThumb4",
				"parent": 45,
				"position": [
					3.72529e-08,
					0.0213854,
					-2.32831e-07
				],
				"rotation": [
					1.02453e-05,
					-9.17807e-06,
					6.83019e-06
				],
				"scale": [
					1,
					1,
					1
				],
				"scaleCompensation": false,
				"children": [
					47
				]
			},
			"47": {
				"name": "mixamorig:LeftHandThumb4_end",
				"parent": 46,
				"position": [
					0,
					0.0213853,
					0
				],
				"rotation": [
					0,
					0,
					0
				],
				"scale": [
					1,
					1,
					1
				],
				"scaleCompensation": false,
				"children": [

				]
			},
			"48": {
				"name": "mixamorig:Neck",
				"parent": 18,
				"position": [
					0.0486096,
					0.130351,
					0.0187647
				],
				"rotation": [
					21.0148,
					-19.3851,
					-23.1714
				],
				"scale": [
					1,
					1,
					1
				],
				"scaleCompensation": false,
				"children": [
					49
				]
			},
			"49": {
				"name": "mixamorig:Head",
				"parent": 48,
				"position": [
					-1.13382e-14,
					0.0651139,
					6.9849e-09
				],
				"rotation": [
					5.54953e-06,
					-1.62603e-06,
					-2.76702e-06
				],
				"scale": [
					1,
					1,
					1
				],
				"scaleCompensation": false,
				"children": [
					50
				]
			},
			"50": {
				"name": "mixamorig:HeadTop_End",
				"parent": 49,
				"position": [
					7.18314e-14,
					0.208613,
					-1.86264e-08
				],
				"rotation": [
					7.68396e-06,
					-3.81817e-06,
					1.58249e-11
				],
				"scale": [
					1,
					1,
					1
				],
				"scaleCompensation": false,
				"children": [
					51
				]
			},
			"51": {
				"name": "mixamorig:HeadTop_End_end",
				"parent": 50,
				"position": [
					0,
					0.208613,
					0
				],
				"rotation": [
					0,
					0,
					0
				],
				"scale": [
					1,
					1,
					1
				],
				"scaleCompensation": false,
				"children": [

				]
			},
			"52": {
				"name": "mixamorig:RightShoulder",
				"parent": 18,
				"position": [
					6.75209e-08,
					0.124556,
					2.8871e-08
				],
				"rotation": [
					-126.248,
					63.9579,
					-41.8947
				],
				"scale": [
					1,
					1,
					1
				],
				"scaleCompensation": false,
				"children": [
					53
				]
			},
			"53": {
				"name": "mixamorig:RightArm",
				"parent": 52,
				"position": [
					2.79397e-09,
					0.102391,
					6.0536e-09
				],
				"rotation": [
					19.5973,
					-19.2613,
					-1.00944
				],
				"scale": [
					1,
					1,
					1
				],
				"scaleCompensation": false,
				"children": [
					54
				]
			},
			"54": {
				"name": "mixamorig:RightForeArm",
				"parent": 53,
				"position": [
					-7.67841e-10,
					0.165257,
					-8.86981e-08
				],
				"rotation": [
					-6.18039e-05,
					5.66851e-05,
					6.81575e-05
				],
				"scale": [
					1,
					1,
					1
				],
				"scaleCompensation": false,
				"children": [
					55
				]
			},
			"55": {
				"name": "mixamorig:RightHand",
				"parent": 54,
				"position": [
					-1.63558e-09,
					0.229863,
					1.92011e-08
				],
				"rotation": [
					-1.56563,
					1.558,
					-0.279396
				],
				"scale": [
					1,
					1,
					1
				],
				"scaleCompensation": false,
				"children": [
					56,
					61,
					66,
					71,
					76
				]
			},
			"56": {
				"name": "mixamorig:RightHandIndex1",
				"parent": 55,
				"position": [
					-0.0212034,
					0.109686,
					0.000463013
				],
				"rotation": [
					1.55856,
					-1.56501,
					0.237382
				],
				"scale": [
					1,
					1,
					1
				],
				"scaleCompensation": false,
				"children": [
					57
				]
			},
			"57": {
				"name": "mixamorig:RightHandIndex2",
				"parent": 56,
				"position": [
					-9.32232e-11,
					0.0272221,
					3.50348e-08
				],
				"rotation": [
					0.00072768,
					-0.000727715,
					-4.72881e-05
				],
				"scale": [
					1,
					1,
					1
				],
				"scaleCompensation": false,
				"children": [
					58
				]
			},
			"58": {
				"name": "mixamorig:RightHandIndex3",
				"parent": 57,
				"position": [
					-4.54747e-12,
					0.0257736,
					1.05828e-08
				],
				"rotation": [
					-0.000490735,
					0.00049058,
					-0.00188043
				],
				"scale": [
					1,
					1,
					1
				],
				"scaleCompensation": false,
				"children": [
					59
				]
			},
			"59": {
				"name": "mixamorig:RightHandIndex4",
				"parent": 58,
				"position": [
					-1.52795e-10,
					0.0200379,
					-4.93651e-09
				],
				"rotation": [
					2.6842e-10,
					-7.28404e-10,
					-1.33108e-06
				],
				"scale": [
					1,
					1,
					1
				],
				"scaleCompensation": false,
				"children": [
					60
				]
			},
			"60": {
				"name": "mixamorig:RightHandIndex4_end",
				"parent": 59,
				"position": [
					0,
					0.0200378,
					0
				],
				"rotation": [
					0,
					0,
					0
				],
				"scale": [
					1,
					1,
					1
				],
				"scaleCompensation": false,
				"children": [

				]
			},
			"61": {
				"name": "mixamorig:RightHandMiddle1",
				"parent": 55,
				"position": [
					-0.000541422,
					0.111061,
					0.0030209
				],
				"rotation": [
					1.55883,
					-1.5653,
					0.237614
				],
				"scale": [
					1,
					1,
					1
				],
				"scaleCompensation": false,
				"children": [
					62
				]
			},
			"62": {
				"name": "mixamorig:RightHandMiddle2",
				"parent": 61,
				"position": [
					-7.45786e-11,
					0.028796,
					6.4926e-08
				],
				"rotation": [
					0.000255461,
					-0.000255199,
					-0.000677661
				],
				"scale": [
					1,
					1,
					1
				],
				"scaleCompensation": false,
				"children": [
					63
				]
			},
			"63": {
				"name": "mixamorig:RightHandMiddle3",
				"parent": 62,
				"position": [
					8.83119e-10,
					0.0286677,
					-4.01174e-08
				],
				"rotation": [
					-0.000479394,
					0.00047926,
					-0.00126221
				],
				"scale": [
					1,
					1,
					1
				],
				"scaleCompensation": false,
				"children": [
					64
				]
			},
			"64": {
				"name": "mixamorig:RightHandMiddle4",
				"parent": 63,
				"position": [
					7.68523e-10,
					0.0248648,
					-9.01854e-08
				],
				"rotation": [
					-5.50904e-10,
					-1.0173e-10,
					-1.50222e-05
				],
				"scale": [
					1,
					1,
					1
				],
				"scaleCompensation": false,
				"children": [
					65
				]
			},
			"65": {
				"name": "mixamorig:RightHandMiddle4_end",
				"parent": 64,
				"position": [
					0,
					0.0248648,
					0
				],
				"rotation": [
					0,
					0,
					0
				],
				"scale": [
					1,
					1,
					1
				],
				"scaleCompensation": false,
				"children": [

				]
			},
			"66": {
				"name": "mixamorig:RightHandPinky1",
				"parent": 55,
				"position": [
					0.0316742,
					0.104552,
					0.00171826
				],
				"rotation": [
					1.55859,
					-1.56505,
					0.237646
				],
				"scale": [
					1,
					1,
					1
				],
				"scaleCompensation": false,
				"children": [
					67
				]
			},
			"67": {
				"name": "mixamorig:RightHandPinky2",
				"parent": 66,
				"position": [
					2.50293e-09,
					0.0211775,
					4.34204e-08
				],
				"rotation": [
					0.000544273,
					-0.000544025,
					0.000286636
				],
				"scale": [
					1,
					1,
					1
				],
				"scaleCompensation": false,
				"children": [
					68
				]
			},
			"68": {
				"name": "mixamorig:RightHandPinky3",
				"parent": 67,
				"position": [
					7.05768e-10,
					0.016692,
					9.56672e-08
				],
				"rotation": [
					-0.000418386,
					0.000418491,
					0.000407031
				],
				"scale": [
					1,
					1,
					1
				],
				"scaleCompensation": false,
				"children": [
					69
				]
			},
			"69": {
				"name": "mixamorig:RightHandPinky4",
				"parent": 68,
				"position": [
					-5.09317e-11,
					0.0148745,
					3.65583e-08
				],
				"rotation": [
					1.2335e-09,
					4.84729e-10,
					1.43495e-05
				],
				"scale": [
					1,
					1,
					1
				],
				"scaleCompensation": false,
				"children": [
					70
				]
			},
			"70": {
				"name": "mixamorig:RightHandPinky4_end",
				"parent": 69,
				"position": [
					0,
					0.0148746,
					0
				],
				"rotation": [
					0,
					0,
					0
				],
				"scale": [
					1,
					1,
					1
				],
				"scaleCompensation": false,
				"children": [

				]
			},
			"71": {
				"name": "mixamorig:RightHandRing1",
				"parent": 55,
				"position": [
					0.0142396,
					0.112001,
					0.00333833
				],
				"rotation": [
					1.55865,
					-1.56507,
					0.236855
				],
				"scale": [
					1,
					1,
					1
				],
				"scaleCompensation": false,
				"children": [
					72
				]
			},
			"72": {
				"name": "mixamorig:RightHandRing2",
				"parent": 71,
				"position": [
					-1.46792e-09,
					0.024752,
					-6.92598e-08
				],
				"rotation": [
					0.000244834,
					-0.000245646,
					0.000455854
				],
				"scale": [
					1,
					1,
					1
				],
				"scaleCompensation": false,
				"children": [
					73
				]
			},
			"73": {
				"name": "mixamorig:RightHandRing3",
				"parent": 72,
				"position": [
					-5.62522e-10,
					0.0231665,
					2.31034e-08
				],
				"rotation": [
					3.36408e-05,
					-3.3682e-05,
					-0.000927171
				],
				"scale": [
					1,
					1,
					1
				],
				"scaleCompensation": false,
				"children": [
					74
				]
			},
			"74": {
				"name": "mixamorig:RightHandRing4",
				"parent": 73,
				"position": [
					-1.91449e-09,
					0.0211981,
					-4.601e-08
				],
				"rotation": [
					-3.599e-10,
					2.52864e-10,
					-1.00691e-05
				],
				"scale": [
					1,
					1,
					1
				],
				"scaleCompensation": false,
				"children": [
					75
				]
			},
			"75": {
				"name": "mixamorig:RightHandRing4_end",
				"parent": 74,
				"position": [
					0,
					0.0211981,
					0
				],
				"rotation": [
					0,
					0,
					0
				],
				"scale": [
					1,
					1,
					1
				],
				"scaleCompensation": false,
				"children": [

				]
			},
			"76": {
				"name": "mixamorig:RightHandThumb1",
				"parent": 55,
				"position": [
					-0.0241691,
					0.0416685,
					-0.00854035
				],
				"rotation": [
					-33.2931,
					37.066,
					7.61484
				],
				"scale": [
					1,
					1,
					1
				],
				"scaleCompensation": false,
				"children": [
					77
				]
			},
			"77": {
				"name": "mixamorig:RightHandThumb2",
				"parent": 76,
				"position": [
					0,
					0.0391371,
					-3.72529e-09
				],
				"rotation": [
					0.000841398,
					-0.000531362,
					-0.00079316
				],
				"scale": [
					1,
					1,
					1
				],
				"scaleCompensation": false,
				"children": [
					78
				]
			},
			"78": {
				"name": "mixamorig:RightHandThumb3",
				"parent": 77,
				"position": [
					-8.19564e-08,
					0.0310678,
					3.72529e-09
				],
				"rotation": [
					0.000484945,
					-0.000433822,
					-0.000299036
				],
				"scale": [
					1,
					1,
					1
				],
				"scaleCompensation": false,
				"children": [
					79
				]
			},
			"79": {
				"name": "mixamorig:RightHandThumb4",
				"parent": 78,
				"position": [
					2.98023e-08,
					0.0257374,
					-4.84288e-08
				],
				"rotation": [
					-1.15259e-05,
					6.51003e-06,
					2.15578e-05
				],
				"scale": [
					1,
					1,
					1
				],
				"scaleCompensation": false,
				"children": [
					80
				]
			},
			"80": {
				"name": "mixamorig:RightHandThumb4_end",
				"parent": 79,
				"position": [
					0,
					0.0257375,
					0
				],
				"rotation": [
					0,
					0,
					0
				],
				"scale": [
					1,
					1,
					1
				],
				"scaleCompensation": false,
				"children": [

				]
			},
			"81": {
				"name": "CloneX_Male_SuitGeo.001.baked.001_LOD1",
				"parent": 0,
				"position": [
					0,
					0,
					0
				],
				"rotation": [
					-90,
					-180,
					-0
				],
				"scale": [
					100,
					100,
					100
				],
				"scaleCompensation": false,
				"children": [

				],
				"components": {
					"render": {
						"id": 0,
						"materials": [
							"atlas"
						],
						"rootBone": 3
					}
				}
			}
		}
	}
}