{
	"scene": {
		"version": 1,
		"assets": {
			"renders": [
				{
					"name": "ProcessedGeometry_LOD1",
					"index": 0,
					"meshes": 1,
					"skinned": true,
					"vertices": 2528,
					"triangles": 3769,
					"attributes": {
						"POSITION": 1,
						"NORMAL": 1,
						"BONEINDICES": 1,
						"BONEWEIGHTS": 1,
						"TEXCOORD_0": 1
					},
					"meshCompression": ""
				},
				{
					"name": "mesh.040",
					"index": 1,
					"meshes": 1,
					"skinned": true,
					"vertices": 327,
					"triangles": 642,
					"attributes": {
						"POSITION": 1,
						"NORMAL": 1,
						"BONEINDICES": 1,
						"BONEWEIGHTS": 1,
						"TEXCOORD_0": 1
					},
					"meshCompression": ""
				}
			],
			"materials": [
				"Material.007",
				"Material.004"
			]
		},
		"entities": {
			"0": {
				"name": "Armature",
				"parent": -1,
				"position": [
					0,
					-0.855341,
					0
				],
				"rotation": [
					0,
					0,
					0
				],
				"scale": [
					1,
					1,
					1
				],
				"scaleCompensation": false,
				"children": [
					1,
					2,
					3
				]
			},
			"1": {
				"name": "ProcessedMeshNode_LOD1",
				"parent": 0,
				"position": [
					0,
					0,
					0
				],
				"rotation": [
					0,
					0,
					0
				],
				"scale": [
					1,
					1,
					1
				],
				"scaleCompensation": false,
				"children": [

				],
				"components": {
					"render": {
						"id": 0,
						"materials": [
							"Material.007"
						],
						"rootBone": 3
					}
				}
			},
			"2": {
				"name": "Retopo_geom.031",
				"parent": 0,
				"position": [
					0,
					0,
					0
				],
				"rotation": [
					0,
					0,
					0
				],
				"scale": [
					1,
					1,
					1
				],
				"scaleCompensation": false,
				"children": [

				],
				"components": {
					"render": {
						"id": 1,
						"materials": [
							"Material.004"
						],
						"rootBone": 3
					}
				}
			},
			"3": {
				"name": "hips",
				"parent": 0,
				"position": [
					-7.80343e-10,
					0.950186,
					-0.00892608
				],
				"rotation": [
					4.93564e-06,
					-2.58947e-13,
					-2.58947e-13
				],
				"scale": [
					1,
					1,
					1
				],
				"scaleCompensation": false,
				"children": [
					4,
					18,
					22
				]
			},
			"4": {
				"name": "spine",
				"parent": 3,
				"position": [
					3.06055e-17,
					0.122826,
					-3.77517e-10
				],
				"rotation": [
					-3.04109e-06,
					2.58947e-13,
					2.58947e-13
				],
				"scale": [
					1,
					1,
					1
				],
				"scaleCompensation": false,
				"children": [
					5
				]
			},
			"5": {
				"name": "chest",
				"parent": 4,
				"position": [
					7.25851e-23,
					0.156767,
					0
				],
				"rotation": [
					-0.473356,
					0.439761,
					3.94657
				],
				"scale": [
					1,
					1,
					1
				],
				"scaleCompensation": false,
				"children": [
					6,
					10,
					14
				]
			},
			"6": {
				"name": "neck",
				"parent": 5,
				"position": [
					2.96131e-09,
					0.170906,
					6.4756e-10
				],
				"rotation": [
					-1.26709,
					1.33755,
					11.2607
				],
				"scale": [
					1,
					1,
					1
				],
				"scaleCompensation": false,
				"children": [
					7
				]
			},
			"7": {
				"name": "head",
				"parent": 6,
				"position": [
					1.74041e-08,
					0.091662,
					3.95812e-09
				],
				"rotation": [
					9.601,
					-3.50706,
					-0.371971
				],
				"scale": [
					1,
					1,
					1
				],
				"scaleCompensation": false,
				"children": [
					8,
					9
				]
			},
			"8": {
				"name": "ear L",
				"parent": 7,
				"position": [
					0.161138,
					0.367933,
					-0.000737203
				],
				"rotation": [
					87.5423,
					-0.269876,
					-179.718
				],
				"scale": [
					1,
					1,
					1
				],
				"scaleCompensation": false,
				"children": [

				]
			},
			"9": {
				"name": "ear.R",
				"parent": 7,
				"position": [
					-0.161138,
					0.367251,
					0.000737303
				],
				"rotation": [
					87.5423,
					-0.269876,
					-179.718
				],
				"scale": [
					1,
					1,
					1
				],
				"scaleCompensation": false,
				"children": [

				]
			},
			"10": {
				"name": "shoulder.L",
				"parent": 5,
				"position": [
					0.310971,
					0.00446675,
					-2.65427e-08
				],
				"rotation": [
					-155.185,
					-56.2271,
					37.7173
				],
				"scale": [
					1,
					1,
					1
				],
				"scaleCompensation": false,
				"children": [
					11
				]
			},
			"11": {
				"name": "upper_arm.L",
				"parent": 10,
				"position": [
					-5.58794e-09,
					0.0569753,
					-6.98492e-08
				],
				"rotation": [
					-72.1637,
					34.5908,
					-14.0853
				],
				"scale": [
					1,
					1,
					1
				],
				"scaleCompensation": false,
				"children": [
					12
				]
			},
			"12": {
				"name": "lower_arm.L",
				"parent": 11,
				"position": [
					4.07454e-09,
					0.274012,
					-1.86265e-09
				],
				"rotation": [
					-9.11066,
					3.37319,
					-86.8891
				],
				"scale": [
					1,
					1,
					1
				],
				"scaleCompensation": false,
				"children": [
					13
				]
			},
			"13": {
				"name": "hand.L",
				"parent": 12,
				"position": [
					1.58325e-08,
					0.27436,
					-1.02227e-08
				],
				"rotation": [
					-2.49654e-05,
					-2.42825e-05,
					1.56481e-05
				],
				"scale": [
					1,
					1,
					1
				],
				"scaleCompensation": false,
				"children": [

				]
			},
			"14": {
				"name": "shoulder.R",
				"parent": 5,
				"position": [
					-0.310971,
					0.00446675,
					2.70084e-08
				],
				"rotation": [
					-155.185,
					56.2271,
					-37.7173
				],
				"scale": [
					1,
					1,
					1
				],
				"scaleCompensation": false,
				"children": [
					15
				]
			},
			"15": {
				"name": "upper_arm.R",
				"parent": 14,
				"position": [
					1.11759e-08,
					0.0569753,
					-1.86265e-09
				],
				"rotation": [
					-57.0104,
					-31.3685,
					9.61689
				],
				"scale": [
					1,
					1,
					1
				],
				"scaleCompensation": false,
				"children": [
					16
				]
			},
			"16": {
				"name": "lower_arm.R",
				"parent": 15,
				"position": [
					4.88944e-09,
					0.274012,
					1.30385e-08
				],
				"rotation": [
					-19.7083,
					6.93219,
					89.7473
				],
				"scale": [
					1,
					1,
					1
				],
				"scaleCompensation": false,
				"children": [
					17
				]
			},
			"17": {
				"name": "hand.R",
				"parent": 16,
				"position": [
					-1.49012e-08,
					0.27436,
					4.65661e-10
				],
				"rotation": [
					-3.80196e-07,
					1.86763e-07,
					-1.31801e-05
				],
				"scale": [
					1,
					1,
					1
				],
				"scaleCompensation": false,
				"children": [

				]
			},
			"18": {
				"name": "upper_leg.L",
				"parent": 3,
				"position": [
					0.118361,
					-0.117832,
					-1.18185e-08
				],
				"rotation": [
					88.5661,
					0.0508383,
					0.0508709
				],
				"scale": [
					1,
					1,
					1
				],
				"scaleCompensation": false,
				"children": [
					19
				]
			},
			"19": {
				"name": "lower_leg.L",
				"parent": 18,
				"position": [
					-4.81123e-10,
					0.396744,
					1.49448e-08
				],
				"rotation": [
					6.97025,
					-0.0659265,
					0.0611505
				],
				"scale": [
					1,
					1,
					1
				],
				"scaleCompensation": false,
				"children": [
					20
				]
			},
			"20": {
				"name": "foot.L",
				"parent": 19,
				"position": [
					9.68339e-09,
					0.378266,
					-2.59934e-09
				],
				"rotation": [
					-51.1843,
					0.0122917,
					-0.013204
				],
				"scale": [
					1,
					1,
					1
				],
				"scaleCompensation": false,
				"children": [
					21
				]
			},
			"21": {
				"name": "toes.L",
				"parent": 20,
				"position": [
					5.97657e-09,
					0.08902,
					1.86573e-10
				],
				"rotation": [
					3.4151e-06,
					-1.22063e-05,
					4.79747e-06
				],
				"scale": [
					1,
					1,
					1
				],
				"scaleCompensation": false,
				"children": [

				]
			},
			"22": {
				"name": "upper_leg.R",
				"parent": 3,
				"position": [
					-0.118361,
					-0.117831,
					8.6706e-09
				],
				"rotation": [
					89.0189,
					-0.0504316,
					-0.0512743
				],
				"scale": [
					1,
					1,
					1
				],
				"scaleCompensation": false,
				"children": [
					23
				]
			},
			"23": {
				"name": "lower_leg.R",
				"parent": 22,
				"position": [
					-4.61296e-09,
					0.396744,
					-1.80662e-08
				],
				"rotation": [
					6.97025,
					0.0659265,
					-0.0611505
				],
				"scale": [
					1,
					1,
					1
				],
				"scaleCompensation": false,
				"children": [
					24
				]
			},
			"24": {
				"name": "foot.R",
				"parent": 23,
				"position": [
					-1.25592e-08,
					0.378266,
					-1.57943e-08
				],
				"rotation": [
					-51.1843,
					-0.0122839,
					0.0131789
				],
				"scale": [
					1,
					1,
					1
				],
				"scaleCompensation": false,
				"children": [
					25
				]
			},
			"25": {
				"name": "toes.R",
				"parent": 24,
				"position": [
					-9.63886e-09,
					0.0890201,
					-8.00242e-08
				],
				"rotation": [
					-3.63775e-13,
					-1.22238e-05,
					4.79664e-06
				],
				"scale": [
					1,
					1,
					1
				],
				"scaleCompensation": false,
				"children": [

				]
			}
		}
	}
}