{"materialInfo":{"version":1,"textures":[{"name":"base_color_texture","uri":"moldings.png","addressu":"repeat","addressv":"repeat","minfilter":"linear_mip_linear","magfilter":"linear","anisotropy":1},{"name":"base_color_texture","uri":"Brick_0.png","addressu":"repeat","addressv":"repeat","minfilter":"linear_mip_linear","magfilter":"linear","anisotropy":1},{"name":"base_color_texture","uri":"BRICK_1A.png","addressu":"repeat","addressv":"repeat","minfilter":"linear_mip_linear","magfilter":"linear","anisotropy":1},{"name":"base_color_texture","uri":"barnwall.png","addressu":"repeat","addressv":"repeat","minfilter":"linear_mip_linear","magfilter":"linear","anisotropy":1},{"name":"base_color_texture","uri":"wood.png","addressu":"repeat","addressv":"repeat","minfilter":"linear_mip_linear","magfilter":"linear","anisotropy":1},{"name":"base_color_texture","uri":"Cash_register.png","addressu":"repeat","addressv":"repeat","minfilter":"linear_mip_linear","magfilter":"linear","anisotropy":1},{"name":"base_color_texture","uri":"TV_05.jpg","addressu":"repeat","addressv":"repeat","minfilter":"linear_mip_linear","magfilter":"linear","anisotropy":1},{"name":"base_color_texture","uri":"Metal.jpg","addressu":"repeat","addressv":"repeat","minfilter":"linear_mip_linear","magfilter":"linear","anisotropy":1},{"name":"base_color_texture","uri":"Shelf_Store_14.png","addressu":"repeat","addressv":"repeat","minfilter":"linear_mip_linear","magfilter":"linear","anisotropy":1},{"name":"base_color_texture","uri":"Shelf_Store_11.png","addressu":"repeat","addressv":"repeat","minfilter":"linear_mip_linear","magfilter":"linear","anisotropy":1},{"name":"base_color_texture","uri":"Door_01.jpg","addressu":"repeat","addressv":"repeat","minfilter":"linear_mip_linear","magfilter":"linear","anisotropy":1},{"name":"base_color_texture","uri":"Bush_02.png","addressu":"repeat","addressv":"repeat","minfilter":"linear_mip_linear","magfilter":"linear","anisotropy":1},{"name":"base_color_texture","uri":"Bush_03.png","addressu":"repeat","addressv":"repeat","minfilter":"linear_mip_linear","magfilter":"linear","anisotropy":1},{"name":"base_color_texture","uri":"Bush_04.png","addressu":"repeat","addressv":"repeat","minfilter":"linear_mip_linear","magfilter":"linear","anisotropy":1},{"name":"base_color_texture","uri":"Bush_05.png","addressu":"repeat","addressv":"repeat","minfilter":"linear_mip_linear","magfilter":"linear","anisotropy":1},{"name":"base_color_texture","uri":"Bush_06.png","addressu":"repeat","addressv":"repeat","minfilter":"linear_mip_linear","magfilter":"linear","anisotropy":1},{"name":"base_color_texture","uri":"concept_5back.jpg","addressu":"repeat","addressv":"repeat","minfilter":"linear_mip_linear","magfilter":"linear","anisotropy":1},{"name":"base_color_texture","uri":"concept 5.jpg","addressu":"repeat","addressv":"repeat","minfilter":"linear_mip_linear","magfilter":"linear","anisotropy":1},{"name":"base_color_texture","uri":"AEntsc_case_front1small.png","addressu":"repeat","addressv":"repeat","minfilter":"linear_mip_linear","magfilter":"linear","anisotropy":1},{"name":"base_color_texture","uri":"AEntsc_case_back1small.png","addressu":"repeat","addressv":"repeat","minfilter":"linear_mip_linear","magfilter":"linear","anisotropy":1},{"name":"base_color_texture","uri":"webaverse.jpg","addressu":"repeat","addressv":"repeat","minfilter":"linear_mip_linear","magfilter":"linear","anisotropy":1},{"name":"base_color_texture","uri":"m3tv_tshirt_black.png","addressu":"repeat","addressv":"repeat","minfilter":"linear_mip_linear","magfilter":"linear","anisotropy":1},{"name":"base_color_texture","uri":"m3tv_tshirt_white.png","addressu":"repeat","addressv":"repeat","minfilter":"linear_mip_linear","magfilter":"linear","anisotropy":1},{"name":"base_color_texture","uri":"postersmall.png","addressu":"repeat","addressv":"repeat","minfilter":"linear_mip_linear","magfilter":"linear","anisotropy":1},{"name":"base_color_texture","uri":"daotown.jpg","addressu":"repeat","addressv":"repeat","minfilter":"linear_mip_linear","magfilter":"linear","anisotropy":1},{"name":"base_color_texture","uri":"Shelf_Store_01.png","addressu":"repeat","addressv":"repeat","minfilter":"linear_mip_linear","magfilter":"linear","anisotropy":1},{"name":"base_color_texture","uri":"Wood_05.jpg","addressu":"repeat","addressv":"repeat","minfilter":"linear_mip_linear","magfilter":"linear","anisotropy":1},{"name":"base_color_texture","uri":"Wood_02.jpg","addressu":"repeat","addressv":"repeat","minfilter":"linear_mip_linear","magfilter":"linear","anisotropy":1},{"name":"base_color_texture","uri":"Atlas_37520.jpg","addressu":"repeat","addressv":"repeat","minfilter":"linear_mip_linear","magfilter":"linear","anisotropy":1},{"name":"base_color_texture","uri":"METACONFIDENTIAL.png","addressu":"repeat","addressv":"repeat","minfilter":"linear_mip_linear","magfilter":"linear","anisotropy":1},{"name":"base_color_texture","uri":"BoxMaterial_1-roughness-2.jpg","addressu":"repeat","addressv":"repeat","minfilter":"linear_mip_linear","magfilter":"linear","anisotropy":1},{"name":"normalmap_texture","uri":"woodplank.jpg","addressu":"repeat","addressv":"repeat","minfilter":"linear_mip_linear","magfilter":"linear","anisotropy":1},{"name":"base_color_texture","uri":"Basecolor_0.jpg","addressu":"repeat","addressv":"repeat","minfilter":"linear_mip_linear","magfilter":"linear","anisotropy":1},{"name":"emission_color_texture","uri":"Emissive_0.jpg","addressu":"repeat","addressv":"repeat","minfilter":"linear_mip_linear","magfilter":"linear","anisotropy":1},{"name":"normalmap_texture","uri":"Normals_0.jpg","addressu":"repeat","addressv":"repeat","minfilter":"linear_mip_linear","magfilter":"linear","anisotropy":1},{"name":"base_color_texture","uri":"tetejaune.png","addressu":"repeat","addressv":"repeat","minfilter":"linear_mip_linear","magfilter":"linear","anisotropy":1},{"name":"base_color_texture","uri":"robot_meta_corps.png","addressu":"repeat","addressv":"repeat","minfilter":"linear_mip_linear","magfilter":"linear","anisotropy":1},{"name":"base_color_texture","uri":"giftshop1.2.fbm","addressu":"repeat","addressv":"repeat","minfilter":"linear_mip_linear","magfilter":"linear","anisotropy":1},{"name":"emission_color_texture","uri":"giftshop1.2.fbm","addressu":"repeat","addressv":"repeat","minfilter":"linear_mip_linear","magfilter":"linear","anisotropy":1},{"name":"normalmap_texture","uri":"giftshop1.2.fbm","addressu":"repeat","addressv":"repeat","minfilter":"linear_mip_linear","magfilter":"linear","anisotropy":1}],"materials":[{"name":"Material.009","shader":"phong","parameters":[{"name":"ambient","type":"vec3","data":[0,0,0]},{"name":"diffuse","type":"vec3","data":[0.8,0.8,0.8]},{"name":"diffuseMap","type":"texture","data":0},{"name":"diffuseMapOffset","type":"vec2","data":[0,0]},{"name":"diffuseMapTiling","type":"vec2","data":[1,1]},{"name":"diffuseMapRotation","type":"vec3","data":[0,0,0]},{"name":"specular","type":"vec3","data":[0,0,0]},{"name":"shininess","type":"float","data":31.0597},{"name":"emissive","type":"vec3","data":[0,0,0]},{"name":"opacity","type":"float","data":1}]},{"name":"Material.001","shader":"phong","parameters":[{"name":"ambient","type":"vec3","data":[0,0,0]},{"name":"diffuse","type":"vec3","data":[0.8,0.8,0.8]},{"name":"diffuseMap","type":"texture","data":1},{"name":"diffuseMapOffset","type":"vec2","data":[0,0]},{"name":"diffuseMapTiling","type":"vec2","data":[1,1]},{"name":"diffuseMapRotation","type":"vec3","data":[0,0,0]},{"name":"specular","type":"vec3","data":[0,0,0]},{"name":"shininess","type":"float","data":29.0915},{"name":"emissive","type":"vec3","data":[0,0,0]},{"name":"opacity","type":"float","data":1}]},{"name":"Material.002","shader":"phong","parameters":[{"name":"ambient","type":"vec3","data":[0,0,0]},{"name":"diffuse","type":"vec3","data":[0.8,0.8,0.8]},{"name":"diffuseMap","type":"texture","data":2},{"name":"diffuseMapOffset","type":"vec2","data":[0,0]},{"name":"diffuseMapTiling","type":"vec2","data":[1,1]},{"name":"diffuseMapRotation","type":"vec3","data":[0,0,0]},{"name":"specular","type":"vec3","data":[0,0,0]},{"name":"shininess","type":"float","data":42.2169},{"name":"emissive","type":"vec3","data":[0,0,0]},{"name":"opacity","type":"float","data":1}]},{"name":"Material.003","shader":"phong","parameters":[{"name":"ambient","type":"vec3","data":[0,0,0]},{"name":"diffuse","type":"vec3","data":[0.8,0.8,0.8]},{"name":"diffuseMap","type":"texture","data":3},{"name":"diffuseMapOffset","type":"vec2","data":[0,0]},{"name":"diffuseMapTiling","type":"vec2","data":[1,1]},{"name":"diffuseMapRotation","type":"vec3","data":[0,0,0]},{"name":"specular","type":"vec3","data":[0,0,0]},{"name":"shininess","type":"float","data":42.2169},{"name":"emissive","type":"vec3","data":[0,0,0]},{"name":"opacity","type":"float","data":1}]},{"name":"wood","shader":"phong","parameters":[{"name":"ambient","type":"vec3","data":[0,0,0]},{"name":"diffuse","type":"vec3","data":[0.8,0.8,0.8]},{"name":"diffuseMap","type":"texture","data":4},{"name":"diffuseMapOffset","type":"vec2","data":[0,0]},{"name":"diffuseMapTiling","type":"vec2","data":[1,1]},{"name":"diffuseMapRotation","type":"vec3","data":[0,0,0]},{"name":"specular","type":"vec3","data":[0,0,0]},{"name":"shininess","type":"float","data":42.2169},{"name":"emissive","type":"vec3","data":[0,0,0]},{"name":"opacity","type":"float","data":1}]},{"name":"Cash_register","shader":"phong","parameters":[{"name":"ambient","type":"vec3","data":[0,0,0]},{"name":"diffuse","type":"vec3","data":[0.8,0.8,0.8]},{"name":"diffuseMap","type":"texture","data":5},{"name":"diffuseMapOffset","type":"vec2","data":[0,0]},{"name":"diffuseMapTiling","type":"vec2","data":[1,1]},{"name":"diffuseMapRotation","type":"vec3","data":[0,0,0]},{"name":"specular","type":"vec3","data":[0,0,0]},{"name":"shininess","type":"float","data":0},{"name":"emissive","type":"vec3","data":[0,0,0]},{"name":"opacity","type":"float","data":1}]},{"name":"TV_05","shader":"phong","parameters":[{"name":"ambient","type":"vec3","data":[0,0,0]},{"name":"diffuse","type":"vec3","data":[0.8,0.8,0.8]},{"name":"diffuseMap","type":"texture","data":6},{"name":"diffuseMapOffset","type":"vec2","data":[0,0]},{"name":"diffuseMapTiling","type":"vec2","data":[1,1]},{"name":"diffuseMapRotation","type":"vec3","data":[0,0,0]},{"name":"specular","type":"vec3","data":[0,0,0]},{"name":"shininess","type":"float","data":0},{"name":"emissive","type":"vec3","data":[0,0,0]},{"name":"opacity","type":"float","data":1}]},{"name":"Metal","shader":"phong","parameters":[{"name":"ambient","type":"vec3","data":[0,0,0]},{"name":"diffuse","type":"vec3","data":[0.8,0.8,0.8]},{"name":"diffuseMap","type":"texture","data":7},{"name":"diffuseMapOffset","type":"vec2","data":[0,0]},{"name":"diffuseMapTiling","type":"vec2","data":[1,1]},{"name":"diffuseMapRotation","type":"vec3","data":[0,0,0]},{"name":"specular","type":"vec3","data":[0,0,0]},{"name":"shininess","type":"float","data":42.2169},{"name":"emissive","type":"vec3","data":[0,0,0]},{"name":"opacity","type":"float","data":1}]},{"name":"Shelf_Store_14","shader":"phong","parameters":[{"name":"ambient","type":"vec3","data":[0,0,0]},{"name":"diffuse","type":"vec3","data":[0.8,0.8,0.8]},{"name":"diffuseMap","type":"texture","data":8},{"name":"diffuseMapOffset","type":"vec2","data":[0,0]},{"name":"diffuseMapTiling","type":"vec2","data":[1,1]},{"name":"diffuseMapRotation","type":"vec3","data":[0,0,0]},{"name":"specular","type":"vec3","data":[0,0,0]},{"name":"shininess","type":"float","data":0},{"name":"emissive","type":"vec3","data":[0,0,0]},{"name":"opacity","type":"float","data":1}]},{"name":"Shelf_Store_11","shader":"phong","parameters":[{"name":"ambient","type":"vec3","data":[0,0,0]},{"name":"diffuse","type":"vec3","data":[0.8,0.8,0.8]},{"name":"diffuseMap","type":"texture","data":9},{"name":"diffuseMapOffset","type":"vec2","data":[0,0]},{"name":"diffuseMapTiling","type":"vec2","data":[1,1]},{"name":"diffuseMapRotation","type":"vec3","data":[0,0,0]},{"name":"specular","type":"vec3","data":[0,0,0]},{"name":"shininess","type":"float","data":0},{"name":"emissive","type":"vec3","data":[0,0,0]},{"name":"opacity","type":"float","data":1}]},{"name":"Door_01","shader":"phong","parameters":[{"name":"ambient","type":"vec3","data":[0,0,0]},{"name":"diffuse","type":"vec3","data":[0.8,0.8,0.8]},{"name":"diffuseMap","type":"texture","data":10},{"name":"diffuseMapOffset","type":"vec2","data":[0,0]},{"name":"diffuseMapTiling","type":"vec2","data":[1,1]},{"name":"diffuseMapRotation","type":"vec3","data":[0,0,0]},{"name":"specular","type":"vec3","data":[0,0,0]},{"name":"shininess","type":"float","data":0},{"name":"emissive","type":"vec3","data":[0,0,0]},{"name":"opacity","type":"float","data":1}]},{"name":"Bush_02","shader":"phong","parameters":[{"name":"ambient","type":"vec3","data":[0,0,0]},{"name":"diffuse","type":"vec3","data":[0.8,0.8,0.8]},{"name":"diffuseMap","type":"texture","data":11},{"name":"diffuseMapOffset","type":"vec2","data":[0,0]},{"name":"diffuseMapTiling","type":"vec2","data":[1,1]},{"name":"diffuseMapRotation","type":"vec3","data":[0,0,0]},{"name":"specular","type":"vec3","data":[0,0,0]},{"name":"shininess","type":"float","data":0},{"name":"emissive","type":"vec3","data":[0,0,0]},{"name":"opacity","type":"float","data":1}]},{"name":"Bush_03","shader":"phong","parameters":[{"name":"ambient","type":"vec3","data":[0,0,0]},{"name":"diffuse","type":"vec3","data":[0.8,0.8,0.8]},{"name":"diffuseMap","type":"texture","data":12},{"name":"diffuseMapOffset","type":"vec2","data":[0,0]},{"name":"diffuseMapTiling","type":"vec2","data":[1,1]},{"name":"diffuseMapRotation","type":"vec3","data":[0,0,0]},{"name":"specular","type":"vec3","data":[0,0,0]},{"name":"shininess","type":"float","data":0},{"name":"emissive","type":"vec3","data":[0,0,0]},{"name":"opacity","type":"float","data":1}]},{"name":"Bush_04","shader":"phong","parameters":[{"name":"ambient","type":"vec3","data":[0,0,0]},{"name":"diffuse","type":"vec3","data":[0.8,0.8,0.8]},{"name":"diffuseMap","type":"texture","data":13},{"name":"diffuseMapOffset","type":"vec2","data":[0,0]},{"name":"diffuseMapTiling","type":"vec2","data":[1,1]},{"name":"diffuseMapRotation","type":"vec3","data":[0,0,0]},{"name":"specular","type":"vec3","data":[0,0,0]},{"name":"shininess","type":"float","data":0},{"name":"emissive","type":"vec3","data":[0,0,0]},{"name":"opacity","type":"float","data":1}]},{"name":"Bush_05","shader":"phong","parameters":[{"name":"ambient","type":"vec3","data":[0,0,0]},{"name":"diffuse","type":"vec3","data":[0.8,0.8,0.8]},{"name":"diffuseMap","type":"texture","data":14},{"name":"diffuseMapOffset","type":"vec2","data":[0,0]},{"name":"diffuseMapTiling","type":"vec2","data":[1,1]},{"name":"diffuseMapRotation","type":"vec3","data":[0,0,0]},{"name":"specular","type":"vec3","data":[0,0,0]},{"name":"shininess","type":"float","data":0},{"name":"emissive","type":"vec3","data":[0,0,0]},{"name":"opacity","type":"float","data":1}]},{"name":"Bush_06","shader":"phong","parameters":[{"name":"ambient","type":"vec3","data":[0,0,0]},{"name":"diffuse","type":"vec3","data":[0.8,0.8,0.8]},{"name":"diffuseMap","type":"texture","data":15},{"name":"diffuseMapOffset","type":"vec2","data":[0,0]},{"name":"diffuseMapTiling","type":"vec2","data":[1,1]},{"name":"diffuseMapRotation","type":"vec3","data":[0,0,0]},{"name":"specular","type":"vec3","data":[0,0,0]},{"name":"shininess","type":"float","data":0},{"name":"emissive","type":"vec3","data":[0,0,0]},{"name":"opacity","type":"float","data":1}]},{"name":"Material.011","shader":"phong","parameters":[{"name":"ambient","type":"vec3","data":[0,0,0]},{"name":"diffuse","type":"vec3","data":[0.8,0.8,0.8]},{"name":"diffuseMap","type":"texture","data":16},{"name":"diffuseMapOffset","type":"vec2","data":[0,0]},{"name":"diffuseMapTiling","type":"vec2","data":[1,1]},{"name":"diffuseMapRotation","type":"vec3","data":[0,0,0]},{"name":"specular","type":"vec3","data":[0.0346457,0.0346457,0.0346457]},{"name":"shininess","type":"float","data":50.7759},{"name":"emissive","type":"vec3","data":[0,0,0]},{"name":"opacity","type":"float","data":1}]},{"name":"Material.012","shader":"phong","parameters":[{"name":"ambient","type":"vec3","data":[0,0,0]},{"name":"diffuse","type":"vec3","data":[0.8,0.8,0.8]},{"name":"diffuseMap","type":"texture","data":17},{"name":"diffuseMapOffset","type":"vec2","data":[0,0]},{"name":"diffuseMapTiling","type":"vec2","data":[1,1]},{"name":"diffuseMapRotation","type":"vec3","data":[0,0,0]},{"name":"specular","type":"vec3","data":[0.0724409,0.0724409,0.0724409]},{"name":"shininess","type":"float","data":50.1729},{"name":"emissive","type":"vec3","data":[0,0,0]},{"name":"opacity","type":"float","data":1}]},{"name":"front","shader":"phong","parameters":[{"name":"ambient","type":"vec3","data":[0,0,0]},{"name":"diffuse","type":"vec3","data":[0.8,0.8,0.8]},{"name":"diffuseMap","type":"texture","data":18},{"name":"diffuseMapOffset","type":"vec2","data":[0,0]},{"name":"diffuseMapTiling","type":"vec2","data":[1,1]},{"name":"diffuseMapRotation","type":"vec3","data":[0,0,0]},{"name":"specular","type":"vec3","data":[0.0245616,0.0245616,0.0245616]},{"name":"shininess","type":"float","data":58.0409},{"name":"emissive","type":"vec3","data":[0,0,0]},{"name":"opacity","type":"float","data":1}]},{"name":"back","shader":"phong","parameters":[{"name":"ambient","type":"vec3","data":[0,0,0]},{"name":"diffuse","type":"vec3","data":[0.8,0.8,0.8]},{"name":"diffuseMap","type":"texture","data":19},{"name":"diffuseMapOffset","type":"vec2","data":[0,0]},{"name":"diffuseMapTiling","type":"vec2","data":[1,1]},{"name":"diffuseMapRotation","type":"vec3","data":[0,0,0]},{"name":"specular","type":"vec3","data":[0.132632,0.132632,0.132632]},{"name":"shininess","type":"float","data":58.9318},{"name":"emissive","type":"vec3","data":[0,0,0]},{"name":"opacity","type":"float","data":1}]},{"name":"webaposter","shader":"phong","parameters":[{"name":"ambient","type":"vec3","data":[0,0,0]},{"name":"diffuse","type":"vec3","data":[0.8,0.8,0.8]},{"name":"diffuseMap","type":"texture","data":20},{"name":"diffuseMapOffset","type":"vec2","data":[0,0]},{"name":"diffuseMapTiling","type":"vec2","data":[1,1]},{"name":"diffuseMapRotation","type":"vec3","data":[0,0,0]},{"name":"specular","type":"vec3","data":[0,0,0]},{"name":"shininess","type":"float","data":42.2169},{"name":"emissive","type":"vec3","data":[0,0,0]},{"name":"opacity","type":"float","data":1}]},{"name":"tshirtblack","shader":"phong","parameters":[{"name":"ambient","type":"vec3","data":[0,0,0]},{"name":"diffuse","type":"vec3","data":[0.8,0.8,0.8]},{"name":"diffuseMap","type":"texture","data":21},{"name":"diffuseMapOffset","type":"vec2","data":[0,0]},{"name":"diffuseMapTiling","type":"vec2","data":[1,1]},{"name":"diffuseMapRotation","type":"vec3","data":[0,0,0]},{"name":"specular","type":"vec3","data":[0.0299213,0.0299213,0.0299213]},{"name":"shininess","type":"float","data":0},{"name":"emissive","type":"vec3","data":[0,0,0]},{"name":"opacity","type":"float","data":1}]},{"name":"tshirtwhite","shader":"phong","parameters":[{"name":"ambient","type":"vec3","data":[0,0,0]},{"name":"diffuse","type":"vec3","data":[0.8,0.8,0.8]},{"name":"diffuseMap","type":"texture","data":22},{"name":"diffuseMapOffset","type":"vec2","data":[0,0]},{"name":"diffuseMapTiling","type":"vec2","data":[1,1]},{"name":"diffuseMapRotation","type":"vec3","data":[0,0,0]},{"name":"specular","type":"vec3","data":[0.0299213,0.0299213,0.0299213]},{"name":"shininess","type":"float","data":0},{"name":"emissive","type":"vec3","data":[0,0,0]},{"name":"opacity","type":"float","data":1}]},{"name":"altered_poster","shader":"phong","parameters":[{"name":"ambient","type":"vec3","data":[0,0,0]},{"name":"diffuse","type":"vec3","data":[0.8,0.8,0.8]},{"name":"diffuseMap","type":"texture","data":23},{"name":"diffuseMapOffset","type":"vec2","data":[0,0]},{"name":"diffuseMapTiling","type":"vec2","data":[1,1]},{"name":"diffuseMapRotation","type":"vec3","data":[0,0,0]},{"name":"specular","type":"vec3","data":[0,0,0]},{"name":"shininess","type":"float","data":42.2169},{"name":"emissive","type":"vec3","data":[0,0,0]},{"name":"opacity","type":"float","data":1}]},{"name":"daotown","shader":"phong","parameters":[{"name":"ambient","type":"vec3","data":[0,0,0]},{"name":"diffuse","type":"vec3","data":[0.8,0.8,0.8]},{"name":"diffuseMap","type":"texture","data":24},{"name":"diffuseMapOffset","type":"vec2","data":[0,0]},{"name":"diffuseMapTiling","type":"vec2","data":[1,1]},{"name":"diffuseMapRotation","type":"vec3","data":[0,0,0]},{"name":"specular","type":"vec3","data":[0,0,0]},{"name":"shininess","type":"float","data":42.2169},{"name":"emissive","type":"vec3","data":[0,0,0]},{"name":"opacity","type":"float","data":1}]},{"name":"Shelf_Store_01","shader":"phong","parameters":[{"name":"ambient","type":"vec3","data":[0,0,0]},{"name":"diffuse","type":"vec3","data":[0.8,0.8,0.8]},{"name":"diffuseMap","type":"texture","data":25},{"name":"diffuseMapOffset","type":"vec2","data":[0,0]},{"name":"diffuseMapTiling","type":"vec2","data":[1,1]},{"name":"diffuseMapRotation","type":"vec3","data":[0,0,0]},{"name":"specular","type":"vec3","data":[0,0,0]},{"name":"shininess","type":"float","data":0},{"name":"emissive","type":"vec3","data":[0,0,0]},{"name":"opacity","type":"float","data":1}]},{"name":"Wood_05","shader":"phong","parameters":[{"name":"ambient","type":"vec3","data":[0,0,0]},{"name":"diffuse","type":"vec3","data":[0.8,0.8,0.8]},{"name":"diffuseMap","type":"texture","data":26},{"name":"diffuseMapOffset","type":"vec2","data":[0,0]},{"name":"diffuseMapTiling","type":"vec2","data":[1,1]},{"name":"diffuseMapRotation","type":"vec3","data":[0,0,0]},{"name":"specular","type":"vec3","data":[0,0,0]},{"name":"shininess","type":"float","data":0},{"name":"emissive","type":"vec3","data":[0,0,0]},{"name":"opacity","type":"float","data":1}]},{"name":"Wood_02","shader":"phong","parameters":[{"name":"ambient","type":"vec3","data":[0,0,0]},{"name":"diffuse","type":"vec3","data":[0.8,0.8,0.8]},{"name":"diffuseMap","type":"texture","data":27},{"name":"diffuseMapOffset","type":"vec2","data":[0,0]},{"name":"diffuseMapTiling","type":"vec2","data":[1,1]},{"name":"diffuseMapRotation","type":"vec3","data":[0,0,0]},{"name":"specular","type":"vec3","data":[0,0,0]},{"name":"shininess","type":"float","data":0},{"name":"emissive","type":"vec3","data":[0,0,0]},{"name":"opacity","type":"float","data":1}]},{"name":"OctDiffuse1","shader":"phong","parameters":[{"name":"ambient","type":"vec3","data":[0,0,0]},{"name":"diffuse","type":"vec3","data":[0.8,0.8,0.8]},{"name":"diffuseMap","type":"texture","data":28},{"name":"diffuseMapOffset","type":"vec2","data":[0,0]},{"name":"diffuseMapTiling","type":"vec2","data":[1,1]},{"name":"diffuseMapRotation","type":"vec3","data":[0,0,0]},{"name":"specular","type":"vec3","data":[0.2,0.2,0.2]},{"name":"shininess","type":"float","data":47.2037},{"name":"emissive","type":"vec3","data":[0,0,0]},{"name":"opacity","type":"float","data":1}]},{"name":"book_4_mat","shader":"phong","parameters":[{"name":"ambient","type":"vec3","data":[0,0,0]},{"name":"diffuse","type":"vec3","data":[0.8,0.8,0.8]},{"name":"diffuseMap","type":"texture","data":29},{"name":"diffuseMapOffset","type":"vec2","data":[0,0]},{"name":"diffuseMapTiling","type":"vec2","data":[1,1]},{"name":"diffuseMapRotation","type":"vec3","data":[0,0,0]},{"name":"specular","type":"vec3","data":[0.0425197,0.0425197,0.0425197]},{"name":"shininess","type":"float","data":36.3636},{"name":"emissive","type":"vec3","data":[0,0,0]},{"name":"opacity","type":"float","data":1}]},{"name":"BoxMaterial_1","shader":"phong","parameters":[{"name":"ambient","type":"vec3","data":[0,0,0]},{"name":"diffuse","type":"vec3","data":[0.8,0.8,0.8]},{"name":"diffuseMap","type":"texture","data":30},{"name":"diffuseMapOffset","type":"vec2","data":[0,0]},{"name":"diffuseMapTiling","type":"vec2","data":[1,1]},{"name":"diffuseMapRotation","type":"vec3","data":[0,0,0]},{"name":"specular","type":"vec3","data":[0.2,0.2,0.2]},{"name":"shininess","type":"float","data":34.8765},{"name":"emissive","type":"vec3","data":[0,0,0]},{"name":"opacity","type":"float","data":1}]},{"name":"black","shader":"phong","parameters":[{"name":"ambient","type":"vec3","data":[0,0,0]},{"name":"diffuse","type":"vec3","data":[0.0146694,0.0146694,0.0146694]},{"name":"specular","type":"vec3","data":[0,0,0]},{"name":"shininess","type":"float","data":53.465},{"name":"emissive","type":"vec3","data":[0,0,0]},{"name":"opacity","type":"float","data":1}]},{"name":"grey","shader":"phong","parameters":[{"name":"ambient","type":"vec3","data":[0,0,0]},{"name":"diffuse","type":"vec3","data":[0.132862,0.132862,0.132862]},{"name":"specular","type":"vec3","data":[0.0332154,0.0332154,0.0332154]},{"name":"shininess","type":"float","data":53.8197},{"name":"emissive","type":"vec3","data":[0,0,0]},{"name":"normalMap","type":"texture","data":31},{"name":"normalMapOffset","type":"vec2","data":[0,0]},{"name":"normalMapTiling","type":"vec2","data":[1,1]},{"name":"normalMapRotation","type":"vec3","data":[0,0,0]},{"name":"bumpMapFactor","type":"float","data":1},{"name":"opacity","type":"float","data":1}]},{"name":"planks","shader":"phong","parameters":[{"name":"ambient","type":"vec3","data":[0,0,0]},{"name":"diffuse","type":"vec3","data":[0.8,0.8,0.8]},{"name":"specular","type":"vec3","data":[0.2,0.2,0.2]},{"name":"shininess","type":"float","data":58.5816},{"name":"emissive","type":"vec3","data":[0,0,0]},{"name":"opacity","type":"float","data":1}]},{"name":"Materiale","shader":"phong","parameters":[{"name":"ambient","type":"vec3","data":[0,0,0]},{"name":"diffuse","type":"vec3","data":[0.8,0.8,0.8]},{"name":"specular","type":"vec3","data":[0.2,0.2,0.2]},{"name":"shininess","type":"float","data":60.3987},{"name":"emissive","type":"vec3","data":[0,0,0]},{"name":"opacity","type":"float","data":0.466203}]},{"name":"zalin","shader":"phong","parameters":[{"name":"ambient","type":"vec3","data":[0,0,0]},{"name":"diffuse","type":"vec3","data":[0.8,0.8,0.8]},{"name":"diffuseMap","type":"texture","data":32},{"name":"diffuseMapOffset","type":"vec2","data":[0,0]},{"name":"diffuseMapTiling","type":"vec2","data":[1,1]},{"name":"diffuseMapRotation","type":"vec3","data":[0,0,0]},{"name":"specular","type":"vec3","data":[0.2,0.2,0.2]},{"name":"shininess","type":"float","data":21.6586},{"name":"emissive","type":"vec3","data":[0,0,0]},{"name":"emissiveMap","type":"texture","data":33},{"name":"emissiveMapOffset","type":"vec2","data":[0,0]},{"name":"emissiveMapTiling","type":"vec2","data":[1,1]},{"name":"emissiveMapRotation","type":"vec3","data":[0,0,0]},{"name":"normalMap","type":"texture","data":34},{"name":"normalMapOffset","type":"vec2","data":[0,0]},{"name":"normalMapTiling","type":"vec2","data":[1,1]},{"name":"normalMapRotation","type":"vec3","data":[0,0,0]},{"name":"bumpMapFactor","type":"float","data":1},{"name":"opacity","type":"float","data":1}]},{"name":"palette.003","shader":"phong","parameters":[{"name":"ambient","type":"vec3","data":[0,0,0]},{"name":"diffuse","type":"vec3","data":[0.8,0.8,0.8]},{"name":"diffuseMap","type":"texture","data":35},{"name":"diffuseMapOffset","type":"vec2","data":[0,0]},{"name":"diffuseMapTiling","type":"vec2","data":[1,1]},{"name":"diffuseMapRotation","type":"vec3","data":[0,0,0]},{"name":"specular","type":"vec3","data":[0.2,0.2,0.2]},{"name":"shininess","type":"float","data":0},{"name":"emissive","type":"vec3","data":[0,0,0]},{"name":"opacity","type":"float","data":1}]},{"name":"palette.001","shader":"phong","parameters":[{"name":"ambient","type":"vec3","data":[0,0,0]},{"name":"diffuse","type":"vec3","data":[0.8,0.8,0.8]},{"name":"diffuseMap","type":"texture","data":36},{"name":"diffuseMapOffset","type":"vec2","data":[0,0]},{"name":"diffuseMapTiling","type":"vec2","data":[1,1]},{"name":"diffuseMapRotation","type":"vec3","data":[0,0,0]},{"name":"specular","type":"vec3","data":[0.2,0.2,0.2]},{"name":"shininess","type":"float","data":0},{"name":"emissive","type":"vec3","data":[0,0,0]},{"name":"opacity","type":"float","data":1}]},{"name":"Material.022","shader":"phong","parameters":[{"name":"ambient","type":"vec3","data":[0,0,0]},{"name":"diffuse","type":"vec3","data":[0.8,0.8,0.8]},{"name":"diffuseMap","type":"texture","data":37},{"name":"diffuseMapOffset","type":"vec2","data":[0,0]},{"name":"diffuseMapTiling","type":"vec2","data":[1,1]},{"name":"diffuseMapRotation","type":"vec3","data":[0,0,0]},{"name":"specular","type":"vec3","data":[0.0225564,0.0225564,0.0225564]},{"name":"shininess","type":"float","data":36.4678},{"name":"emissive","type":"vec3","data":[0.000412671,0.000412671,0.000412671]},{"name":"emissiveMap","type":"texture","data":38},{"name":"emissiveMapOffset","type":"vec2","data":[0,0]},{"name":"emissiveMapTiling","type":"vec2","data":[1,1]},{"name":"emissiveMapRotation","type":"vec3","data":[0,0,0]},{"name":"normalMap","type":"texture","data":39},{"name":"normalMapOffset","type":"vec2","data":[0,0]},{"name":"normalMapTiling","type":"vec2","data":[1,1]},{"name":"normalMapRotation","type":"vec3","data":[0,0,0]},{"name":"bumpMapFactor","type":"float","data":1},{"name":"opacity","type":"float","data":1}]}],"mappings":[{"material":0},{"material":1},{"material":2},{"material":3},{"material":4},{"material":5},{"material":5},{"material":6},{"material":7},{"material":8},{"material":7},{"material":9},{"material":10},{"material":11},{"material":12},{"material":13},{"material":14},{"material":15},{"material":16},{"material":17},{"material":18},{"material":19},{"material":20},{"material":21},{"material":22},{"material":23},{"material":24},{"material":25},{"material":26},{"material":26},{"material":27},{"material":26},{"material":27},{"material":28},{"material":29},{"material":30},{"material":31},{"material":32},{"material":33},{"material":34},{"material":35},{"material":36},{"material":37},{"material":38}]}}