{
	"scene": {
		"version": 1,
		"assets": {
			"renders": {
				"Cube.001": {
					"index": 0,
					"meshes": 1,
					"skinned": false,
					"vertices": 62,
					"triangles": 36,
					"attributes": {
						"POSITION": 1,
						"NORMAL": 1,
						"TEXCOORD_0": 1
					}
				},
				"Plane": {
					"index": 1,
					"meshes": 3,
					"skinned": false,
					"vertices": 60,
					"triangles": 10,
					"attributes": {
						"POSITION": 1,
						"NORMAL": 1,
						"TEXCOORD_0": 1
					}
				},
				"Cube.017": {
					"index": 2,
					"meshes": 1,
					"skinned": false,
					"vertices": 600,
					"triangles": 300,
					"attributes": {
						"POSITION": 1,
						"NORMAL": 1,
						"TEXCOORD_0": 1
					}
				},
				"Cube.248": {
					"index": 3,
					"meshes": 1,
					"skinned": false,
					"vertices": 54,
					"triangles": 36,
					"attributes": {
						"POSITION": 1,
						"NORMAL": 1,
						"TEXCOORD_0": 1
					}
				},
				"Cube.251": {
					"index": 4,
					"meshes": 1,
					"skinned": false,
					"vertices": 144,
					"triangles": 76,
					"attributes": {
						"POSITION": 1,
						"NORMAL": 1,
						"TEXCOORD_0": 1
					}
				},
				"Cube.266": {
					"index": 5,
					"meshes": 1,
					"skinned": false,
					"vertices": 40,
					"triangles": 20,
					"attributes": {
						"POSITION": 1,
						"NORMAL": 1,
						"TEXCOORD_0": 1
					}
				},
				"Cylinder.029": {
					"index": 6,
					"meshes": 2,
					"skinned": false,
					"vertices": 1740,
					"triangles": 528,
					"attributes": {
						"POSITION": 1,
						"NORMAL": 1,
						"TEXCOORD_0": 1
					}
				},
				"Cube.252": {
					"index": 7,
					"meshes": 2,
					"skinned": false,
					"vertices": 96,
					"triangles": 28,
					"attributes": {
						"POSITION": 1,
						"NORMAL": 1,
						"TEXCOORD_0": 1
					}
				},
				"Cube.075": {
					"index": 8,
					"meshes": 1,
					"skinned": false,
					"vertices": 24,
					"triangles": 12,
					"attributes": {
						"POSITION": 1,
						"NORMAL": 1,
						"TEXCOORD_0": 1
					}
				},
				"Plane.017": {
					"index": 9,
					"meshes": 1,
					"skinned": false,
					"vertices": 18,
					"triangles": 16,
					"attributes": {
						"POSITION": 1,
						"NORMAL": 1,
						"TEXCOORD_0": 1
					}
				},
				"Plane.018": {
					"index": 10,
					"meshes": 1,
					"skinned": false,
					"vertices": 18,
					"triangles": 16,
					"attributes": {
						"POSITION": 1,
						"NORMAL": 1,
						"TEXCOORD_0": 1
					}
				},
				"Plane.019": {
					"index": 11,
					"meshes": 1,
					"skinned": false,
					"vertices": 18,
					"triangles": 16,
					"attributes": {
						"POSITION": 1,
						"NORMAL": 1,
						"TEXCOORD_0": 1
					}
				},
				"Plane.020": {
					"index": 12,
					"meshes": 1,
					"skinned": false,
					"vertices": 18,
					"triangles": 16,
					"attributes": {
						"POSITION": 1,
						"NORMAL": 1,
						"TEXCOORD_0": 1
					}
				},
				"Plane.021": {
					"index": 13,
					"meshes": 1,
					"skinned": false,
					"vertices": 9,
					"triangles": 8,
					"attributes": {
						"POSITION": 1,
						"NORMAL": 1,
						"TEXCOORD_0": 1
					}
				},
				"Cube.056": {
					"index": 14,
					"meshes": 2,
					"skinned": false,
					"vertices": 96,
					"triangles": 24,
					"attributes": {
						"POSITION": 1,
						"NORMAL": 1,
						"TEXCOORD_0": 1
					}
				},
				"ntsc_case_back.001": {
					"index": 15,
					"meshes": 2,
					"skinned": false,
					"vertices": 1510,
					"triangles": 878,
					"attributes": {
						"POSITION": 1,
						"NORMAL": 1,
						"TEXCOORD_0": 1
					}
				},
				"Plane.002": {
					"index": 16,
					"meshes": 1,
					"skinned": false,
					"vertices": 4,
					"triangles": 2,
					"attributes": {
						"POSITION": 1,
						"NORMAL": 1,
						"TEXCOORD_0": 1
					}
				},
				"Body.baked.024": {
					"index": 17,
					"meshes": 1,
					"skinned": false,
					"vertices": 730,
					"triangles": 1270,
					"attributes": {
						"POSITION": 1,
						"NORMAL": 1,
						"TEXCOORD_0": 1
					}
				},
				"Body.baked.001": {
					"index": 18,
					"meshes": 1,
					"skinned": false,
					"vertices": 730,
					"triangles": 1270,
					"attributes": {
						"POSITION": 1,
						"NORMAL": 1,
						"TEXCOORD_0": 1
					}
				},
				"Plane.003": {
					"index": 19,
					"meshes": 1,
					"skinned": false,
					"vertices": 4,
					"triangles": 2,
					"attributes": {
						"POSITION": 1,
						"NORMAL": 1,
						"TEXCOORD_0": 1
					}
				},
				"Plane.004": {
					"index": 20,
					"meshes": 1,
					"skinned": false,
					"vertices": 4,
					"triangles": 2,
					"attributes": {
						"POSITION": 1,
						"NORMAL": 1,
						"TEXCOORD_0": 1
					}
				},
				"Cube.209": {
					"index": 21,
					"meshes": 1,
					"skinned": false,
					"vertices": 24,
					"triangles": 12,
					"attributes": {
						"POSITION": 1,
						"NORMAL": 1,
						"TEXCOORD_0": 1
					}
				},
				"Cube.341": {
					"index": 22,
					"meshes": 1,
					"skinned": false,
					"vertices": 162,
					"triangles": 84,
					"attributes": {
						"POSITION": 1,
						"NORMAL": 1,
						"TEXCOORD_0": 1
					}
				},
				"Cube.401": {
					"index": 23,
					"meshes": 2,
					"skinned": false,
					"vertices": 184,
					"triangles": 48,
					"attributes": {
						"POSITION": 1,
						"NORMAL": 1,
						"TEXCOORD_0": 1
					}
				},
				"Cube.402": {
					"index": 24,
					"meshes": 2,
					"skinned": false,
					"vertices": 184,
					"triangles": 48,
					"attributes": {
						"POSITION": 1,
						"NORMAL": 1,
						"TEXCOORD_0": 1
					}
				},
				"Mesh.073": {
					"index": 25,
					"meshes": 1,
					"skinned": false,
					"vertices": 2645,
					"triangles": 2828,
					"attributes": {
						"POSITION": 1,
						"NORMAL": 1,
						"TEXCOORD_0": 1
					}
				},
				"book_7_book_4_mat_0.001": {
					"index": 26,
					"meshes": 1,
					"skinned": false,
					"vertices": 36,
					"triangles": 12,
					"attributes": {
						"POSITION": 1,
						"NORMAL": 1,
						"TEXCOORD_0": 1
					}
				},
				"BoomboxheadTemplate": {
					"index": 27,
					"meshes": 1,
					"skinned": false,
					"vertices": 886,
					"triangles": 848,
					"attributes": {
						"POSITION": 1,
						"NORMAL": 1,
						"TEXCOORD_0": 1
					}
				},
				"Cylinder": {
					"index": 28,
					"meshes": 3,
					"skinned": false,
					"vertices": 18630,
					"triangles": 8039,
					"attributes": {
						"POSITION": 1,
						"NORMAL": 1,
						"TEXCOORD_0": 1
					}
				},
				"Sfera": {
					"index": 29,
					"meshes": 1,
					"skinned": false,
					"vertices": 1345,
					"triangles": 1477,
					"attributes": {
						"POSITION": 1,
						"NORMAL": 1,
						"TEXCOORD_0": 1,
						"TEXCOORD_1": 1
					}
				},
				"Livello_0.001_LOD1": {
					"index": 30,
					"meshes": 1,
					"skinned": false,
					"vertices": 7602,
					"triangles": 8760,
					"attributes": {
						"POSITION": 1,
						"NORMAL": 1,
						"TEXCOORD_0": 1
					}
				},
				"ObjObject.003": {
					"index": 31,
					"meshes": 2,
					"skinned": false,
					"vertices": 5716,
					"triangles": 1960,
					"attributes": {
						"POSITION": 1,
						"NORMAL": 1,
						"TEXCOORD_0": 1
					}
				},
				"Plane.001": {
					"index": 32,
					"meshes": 1,
					"skinned": false,
					"vertices": 26,
					"triangles": 12,
					"attributes": {
						"POSITION": 1,
						"NORMAL": 1,
						"TEXCOORD_0": 1
					}
				}
			},
			"materials": [
				"Material.009",
				"Material.001",
				"Material.002",
				"Material.003",
				"wood",
				"Cash_register",
				"TV_05",
				"Metal",
				"Shelf_Store_14",
				"Shelf_Store_11",
				"Door_01",
				"Bush_02",
				"Bush_03",
				"Bush_04",
				"Bush_05",
				"Bush_06",
				"Material.011",
				"Material.012",
				"front",
				"back",
				"webaposter",
				"tshirtblack",
				"tshirtwhite",
				"altered_poster",
				"daotown",
				"Shelf_Store_01",
				"Wood_05",
				"Wood_02",
				"OctDiffuse1",
				"book_4_mat",
				"BoxMaterial_1",
				"black",
				"grey",
				"planks",
				"Materiale",
				"zalin",
				"palette.003",
				"palette.001",
				"Material.022"
			]
		},
		"entities": {
			"0": {
				"name": "RootNode",
				"parent": -1,
				"position": [
					0,
					0,
					0
				],
				"rotation": [
					0,
					0,
					0
				],
				"scale": [
					0.01,
					0.01,
					0.01
				],
				"scaleCompensation": false,
				"children": [
					1,
					2,
					3,
					4,
					5,
					6,
					7,
					8,
					9,
					10,
					11,
					12,
					13,
					14,
					15,
					16,
					17,
					18,
					19,
					20,
					21,
					22,
					23,
					26,
					27,
					28,
					29,
					30,
					32,
					33
				]
			},
			"1": {
				"name": "Cube",
				"parent": 0,
				"position": [
					-13.7573,
					44.6331,
					-72.9387
				],
				"rotation": [
					-90,
					0,
					0
				],
				"scale": [
					193.271,
					26.0532,
					47.4157
				],
				"scaleCompensation": false,
				"children": [

				],
				"components": {
					"render": {
						"id": "Cube.001",
						"materials": [
							"Material.009"
						]
					}
				}
			},
			"2": {
				"name": "Plane",
				"parent": 0,
				"position": [
					-13.7567,
					-3.16152,
					12.3701
				],
				"rotation": [
					-90,
					0,
					0
				],
				"scale": [
					427.206,
					427.206,
					427.206
				],
				"scaleCompensation": false,
				"children": [

				],
				"components": {
					"render": {
						"id": "Plane",
						"materials": [
							"Material.001",
							"Material.002",
							"Material.003"
						]
					}
				}
			},
			"3": {
				"name": "Cube.017",
				"parent": 0,
				"position": [
					-412.468,
					193.737,
					165.359
				],
				"rotation": [
					-89.9991,
					90.3565,
					-0.000381145
				],
				"scale": [
					126.914,
					30.5845,
					5.08232
				],
				"scaleCompensation": false,
				"children": [

				],
				"components": {
					"render": {
						"id": "Cube.017",
						"materials": [
							"wood"
						]
					}
				}
			},
			"4": {
				"name": "Cube.131",
				"parent": 0,
				"position": [
					153.795,
					96.503,
					-79.4625
				],
				"rotation": [
					-90,
					90,
					0
				],
				"scale": [
					50.6675,
					50.6675,
					50.6675
				],
				"scaleCompensation": false,
				"children": [

				],
				"components": {
					"render": {
						"id": "Cube.248",
						"materials": [
							"Cash_register"
						]
					}
				}
			},
			"5": {
				"name": "Cube.132",
				"parent": 0,
				"position": [
					98.6933,
					106.5,
					-78.7017
				],
				"rotation": [
					-2.89656e-05,
					87.1388,
					90.0003
				],
				"scale": [
					50.6675,
					50.6675,
					50.6675
				],
				"scaleCompensation": false,
				"children": [

				],
				"components": {
					"render": {
						"id": "Cube.251",
						"materials": [
							"Cash_register"
						]
					}
				}
			},
			"6": {
				"name": "Cube.167",
				"parent": 0,
				"position": [
					-403.922,
					238.164,
					-191.302
				],
				"rotation": [
					-90,
					-138.598,
					-5.25282e-06
				],
				"scale": [
					50.6675,
					50.6675,
					50.6675
				],
				"scaleCompensation": false,
				"children": [

				],
				"components": {
					"render": {
						"id": "Cube.266",
						"materials": [
							"TV_05"
						]
					}
				}
			},
			"7": {
				"name": "Cylinder.025",
				"parent": 0,
				"position": [
					375.565,
					18.4206,
					223.614
				],
				"rotation": [
					-90,
					28.2406,
					-1.65833e-08
				],
				"scale": [
					50.6675,
					50.6675,
					50.6675
				],
				"scaleCompensation": false,
				"children": [

				],
				"components": {
					"render": {
						"id": "Cylinder.029",
						"materials": [
							"Metal",
							"Shelf_Store_14"
						]
					}
				}
			},
			"8": {
				"name": "Librero.043",
				"parent": 0,
				"position": [
					370.852,
					39.4516,
					60.984
				],
				"rotation": [
					-64.0629,
					89.0867,
					28.6377
				],
				"scale": [
					50.6675,
					50.6675,
					50.6675
				],
				"scaleCompensation": false,
				"children": [

				],
				"components": {
					"render": {
						"id": "Cube.252",
						"materials": [
							"Metal",
							"Shelf_Store_11"
						]
					}
				}
			},
			"9": {
				"name": "Cube.075",
				"parent": 0,
				"position": [
					414.52,
					123.31,
					-400.127
				],
				"rotation": [
					-90,
					-90,
					0
				],
				"scale": [
					54.7536,
					54.7536,
					54.7536
				],
				"scaleCompensation": false,
				"children": [

				],
				"components": {
					"render": {
						"id": "Cube.075",
						"materials": [
							"Door_01"
						]
					}
				}
			},
			"10": {
				"name": "Ar16",
				"parent": 0,
				"position": [
					343.624,
					162.306,
					153.759
				],
				"rotation": [
					-90,
					90,
					0
				],
				"scale": [
					19.6235,
					19.6235,
					19.6235
				],
				"scaleCompensation": false,
				"children": [

				],
				"components": {
					"render": {
						"id": "Plane.017",
						"materials": [
							"Bush_02"
						]
					}
				}
			},
			"11": {
				"name": "Ar17",
				"parent": 0,
				"position": [
					-416.623,
					175.659,
					292.159
				],
				"rotation": [
					90,
					-8.65142e-06,
					-180
				],
				"scale": [
					11.2324,
					11.2324,
					11.2324
				],
				"scaleCompensation": false,
				"children": [

				],
				"components": {
					"render": {
						"id": "Plane.018",
						"materials": [
							"Bush_03"
						]
					}
				}
			},
			"12": {
				"name": "Ar18",
				"parent": 0,
				"position": [
					-98.8181,
					186.48,
					-354.841
				],
				"rotation": [
					-90,
					-178.718,
					-9.68916e-08
				],
				"scale": [
					14.5115,
					14.5115,
					14.5115
				],
				"scaleCompensation": false,
				"children": [

				],
				"components": {
					"render": {
						"id": "Plane.019",
						"materials": [
							"Bush_04"
						]
					}
				}
			},
			"13": {
				"name": "Ar19",
				"parent": 0,
				"position": [
					-295.21,
					156.595,
					-300.106
				],
				"rotation": [
					-90,
					-171.787,
					-1.26205e-06
				],
				"scale": [
					8.07876,
					8.07876,
					8.07876
				],
				"scaleCompensation": false,
				"children": [

				],
				"components": {
					"render": {
						"id": "Plane.020",
						"materials": [
							"Bush_05"
						]
					}
				}
			},
			"14": {
				"name": "Ar20",
				"parent": 0,
				"position": [
					-372.965,
					167.035,
					83.575
				],
				"rotation": [
					-90,
					-90,
					0
				],
				"scale": [
					14.6628,
					14.6628,
					14.6628
				],
				"scaleCompensation": false,
				"children": [

				],
				"components": {
					"render": {
						"id": "Plane.021",
						"materials": [
							"Bush_06"
						]
					}
				}
			},
			"15": {
				"name": "Cube.002",
				"parent": 0,
				"position": [
					158.373,
					195.462,
					-350.183
				],
				"rotation": [
					-90.0006,
					88.7796,
					-8.5967e-05
				],
				"scale": [
					0.293201,
					29.1649,
					29.1649
				],
				"scaleCompensation": false,
				"children": [

				],
				"components": {
					"render": {
						"id": "Cube.056",
						"materials": [
							"Material.011",
							"Material.012"
						]
					}
				}
			},
			"16": {
				"name": "PSX Case2",
				"parent": 0,
				"position": [
					161.794,
					123.465,
					-358.453
				],
				"rotation": [
					9.32811e-06,
					-6.46774,
					5.82178e-08
				],
				"scale": [
					0.730402,
					0.730402,
					0.730402
				],
				"scaleCompensation": false,
				"children": [

				],
				"components": {
					"render": {
						"id": "ntsc_case_back.001",
						"materials": [
							"front",
							"back"
						]
					}
				}
			},
			"17": {
				"name": "poster1",
				"parent": 0,
				"position": [
					350.605,
					168.214,
					-413.253
				],
				"rotation": [
					-0.932515,
					-0.000267057,
					-0.327417
				],
				"scale": [
					43.8556,
					55.5878,
					37.5186
				],
				"scaleCompensation": false,
				"children": [

				],
				"components": {
					"render": {
						"id": "Plane.002",
						"materials": [
							"webaposter"
						]
					}
				}
			},
			"18": {
				"name": "tshirt_apose",
				"parent": 0,
				"position": [
					-200.708,
					126.574,
					-352.103
				],
				"rotation": [
					-90,
					-0.545531,
					-5.24728e-08
				],
				"scale": [
					75.0459,
					75.0459,
					75.0459
				],
				"scaleCompensation": false,
				"children": [

				],
				"components": {
					"render": {
						"id": "Body.baked.024",
						"materials": [
							"tshirtblack"
						]
					}
				}
			},
			"19": {
				"name": "tshirt_apose2",
				"parent": 0,
				"position": [
					-268.763,
					126.493,
					-340.049
				],
				"rotation": [
					-90,
					10.5833,
					2.21088e-08
				],
				"scale": [
					72.0661,
					72.0661,
					72.0661
				],
				"scaleCompensation": false,
				"children": [

				],
				"components": {
					"render": {
						"id": "Body.baked.001",
						"materials": [
							"tshirtwhite"
						]
					}
				}
			},
			"20": {
				"name": "poster2",
				"parent": 0,
				"position": [
					-439.362,
					112.896,
					347.364
				],
				"rotation": [
					-70.7628,
					91.6861,
					-72.16
				],
				"scale": [
					39.3915,
					39.3916,
					39.3915
				],
				"scaleCompensation": false,
				"children": [

				],
				"components": {
					"render": {
						"id": "Plane.003",
						"materials": [
							"altered_poster"
						]
					}
				}
			},
			"21": {
				"name": "poster3",
				"parent": 0,
				"position": [
					412.92,
					128.058,
					-115.629
				],
				"rotation": [
					-83.1571,
					-87.1516,
					83.1502
				],
				"scale": [
					74.4564,
					43.934,
					43.9361
				],
				"scaleCompensation": false,
				"children": [

				],
				"components": {
					"render": {
						"id": "Plane.004",
						"materials": [
							"daotown"
						]
					}
				}
			},
			"22": {
				"name": "Librero.011",
				"parent": 0,
				"position": [
					395.32,
					94.6133,
					357.212
				],
				"rotation": [
					-90,
					-90,
					0
				],
				"scale": [
					67.7249,
					32.1454,
					67.7249
				],
				"scaleCompensation": false,
				"children": [

				],
				"components": {
					"render": {
						"id": "Cube.209",
						"materials": [
							"Shelf_Store_01"
						]
					}
				}
			},
			"23": {
				"name": "Cube.196",
				"parent": 0,
				"position": [
					-401.895,
					43.723,
					-8.63605
				],
				"rotation": [
					-90,
					-90,
					0
				],
				"scale": [
					78.476,
					100,
					65.4523
				],
				"scaleCompensation": false,
				"children": [
					24,
					25
				],
				"components": {
					"render": {
						"id": "Cube.341",
						"materials": [
							"Wood_05"
						]
					}
				}
			},
			"24": {
				"name": "Cube.008",
				"parent": 23,
				"position": [
					-0.00602342,
					0.105974,
					0.0944602
				],
				"rotation": [
					-180,
					-6.47032e-21,
					4.07111e-13
				],
				"scale": [
					1,
					1,
					1
				],
				"scaleCompensation": false,
				"children": [

				],
				"components": {
					"render": {
						"id": "Cube.401",
						"materials": [
							"Wood_05",
							"Wood_02"
						]
					}
				}
			},
			"25": {
				"name": "Cube.156",
				"parent": 23,
				"position": [
					-0.00602342,
					0.105978,
					-0.401973
				],
				"rotation": [
					-180,
					-6.47032e-21,
					4.07111e-13
				],
				"scale": [
					1,
					1,
					1
				],
				"scaleCompensation": false,
				"children": [

				],
				"components": {
					"render": {
						"id": "Cube.402",
						"materials": [
							"Wood_05",
							"Wood_02"
						]
					}
				}
			},
			"26": {
				"name": "Body",
				"parent": 0,
				"position": [
					-402.359,
					212.969,
					-61.4998
				],
				"rotation": [
					-90,
					30.9278,
					-1.79037e-06
				],
				"scale": [
					100,
					100,
					100
				],
				"scaleCompensation": false,
				"children": [

				],
				"components": {
					"render": {
						"id": "Mesh.073",
						"materials": [
							"OctDiffuse1"
						]
					}
				}
			},
			"27": {
				"name": "magazine",
				"parent": 0,
				"position": [
					-149.766,
					92.3174,
					-79.4848
				],
				"rotation": [
					-90,
					-45.2243,
					5.27299e-06
				],
				"scale": [
					37.1607,
					37.1607,
					37.1607
				],
				"scaleCompensation": false,
				"children": [

				],
				"components": {
					"render": {
						"id": "book_7_book_4_mat_0.001",
						"materials": [
							"book_4_mat"
						]
					}
				}
			},
			"28": {
				"name": "BoomboxheadTemplate",
				"parent": 0,
				"position": [
					-243.663,
					269.164,
					-372.549
				],
				"rotation": [
					1.66557e-05,
					17.2709,
					1.65316e-06
				],
				"scale": [
					0.00286284,
					0.00286284,
					0.00286284
				],
				"scaleCompensation": false,
				"children": [

				],
				"components": {
					"render": {
						"id": "BoomboxheadTemplate",
						"materials": [
							"BoxMaterial_1"
						]
					}
				}
			},
			"29": {
				"name": "Cylinder",
				"parent": 0,
				"position": [
					-25.782,
					-3.41792,
					-377.925
				],
				"rotation": [
					-90,
					178.217,
					-7.5491e-08
				],
				"scale": [
					36.5764,
					36.5764,
					36.5764
				],
				"scaleCompensation": false,
				"children": [

				],
				"components": {
					"render": {
						"id": "Cylinder",
						"materials": [
							"black",
							"grey",
							"planks"
						]
					}
				}
			},
			"30": {
				"name": "Sfera",
				"parent": 0,
				"position": [
					-253.667,
					187.53,
					-349.396
				],
				"rotation": [
					-90,
					0,
					0
				],
				"scale": [
					-16.7655,
					-0.411788,
					-16.7655
				],
				"scaleCompensation": false,
				"children": [
					31
				],
				"components": {
					"render": {
						"id": "Sfera",
						"materials": [
							"Materiale"
						]
					}
				}
			},
			"31": {
				"name": "Livello_0.001_LOD1",
				"parent": 30,
				"position": [
					0.113596,
					-1.36621,
					-0.660906
				],
				"rotation": [
					90.0675,
					-0,
					0
				],
				"scale": [
					-0.0126775,
					-0.0126775,
					-0.017787
				],
				"scaleCompensation": false,
				"children": [

				],
				"components": {
					"render": {
						"id": "Livello_0.001_LOD1",
						"materials": [
							"zalin"
						]
					}
				}
			},
			"32": {
				"name": "robot",
				"parent": 0,
				"position": [
					80.1063,
					103.82,
					-67.716
				],
				"rotation": [
					-90,
					-33.1685,
					-1.64683e-06
				],
				"scale": [
					21.5897,
					21.5897,
					21.5897
				],
				"scaleCompensation": false,
				"children": [

				],
				"components": {
					"render": {
						"id": "ObjObject.003",
						"materials": [
							"palette.003",
							"palette.001"
						]
					}
				}
			},
			"33": {
				"name": "poster4",
				"parent": 0,
				"position": [
					152.652,
					265.687,
					-362.276
				],
				"rotation": [
					-90,
					11.4049,
					6.12822e-07
				],
				"scale": [
					24.3302,
					24.3302,
					24.3302
				],
				"scaleCompensation": false,
				"children": [

				],
				"components": {
					"render": {
						"id": "Plane.001",
						"materials": [
							"Material.022"
						]
					}
				}
			}
		}
	}
}