{"name":"Material.007","data":{"shader":"blinn","blendType":3,"cull":0,"useLighting":true,"twoSidedLighting":true,"useMetalness":true,"useMetalnessSpecularColor":true,"depthWrite":true,"emissiveTint":false,"glossInvert":true,"clearCoatGlossInvert":false,"sheenGlossInvert":false,"useDynamicRefraction":false,"useSheen":false,"diffuseTint":false,"specularTint":true,"sheenTint":false,"useIridescence":false,"metalness":0.133858,"shininess":36.6142,"opacity":1,"bumpMapFactor":1,"reflectivity":1,"alphaTest":0,"clearCoat":0,"clearCoatGloss":1,"clearCoatBumpiness":1,"specularityFactor":1,"refractionIndex":0.689655,"refraction":0,"sheenGloss":0,"thickness":0,"attenuationDistance":0,"emissiveIntensity":1,"iridescence":0,"iridescenceRefractionIndex":0.666667,"iridescenceThicknessMin":0,"iridescenceThicknessMax":0,"ambient":[0.5,0.5,0.5],"diffuse":[1,1,1],"emissive":[0,0,0],"specular":[0.919249,0.919249,0.919249],"sheen":[1,1,1],"attenuation":[1,1,1],"diffuseMap":0,"opacityMap":0,"opacityMapChannel":"a"}}