{"materialInfo":{"version":1,"textures":[{"name":"","uri":"texture2.png","addressu":"repeat","addressv":"repeat","minfilter":"linear_mip_linear","magfilter":"linear","anisotropy":1},{"name":"","uri":"texture.png","addressu":"repeat","addressv":"repeat","minfilter":"linear_mip_linear","magfilter":"linear","anisotropy":1}],"materials":[{"name":"SimplygonCastMaterial","shader":"blinn","parameters":[{"name":"blendType","type":"enum","data":3},{"name":"cull","type":"enum","data":1},{"name":"useLighting","type":"boolean","data":true},{"name":"twoSidedLighting","type":"boolean","data":false},{"name":"useMetalness","type":"boolean","data":true},{"name":"useMetalnessSpecularColor","type":"boolean","data":true},{"name":"depthWrite","type":"boolean","data":true},{"name":"emissiveTint","type":"boolean","data":false},{"name":"glossInvert","type":"boolean","data":true},{"name":"clearCoatGlossInvert","type":"boolean","data":false},{"name":"sheenGlossInvert","type":"boolean","data":false},{"name":"useDynamicRefraction","type":"boolean","data":false},{"name":"useSheen","type":"boolean","data":false},{"name":"diffuseTint","type":"boolean","data":false},{"name":"specularTint","type":"boolean","data":true},{"name":"sheenTint","type":"boolean","data":false},{"name":"useIridescence","type":"boolean","data":false},{"name":"metalness","type":"float","data":0.629921},{"name":"shininess","type":"float","data":51.9685},{"name":"opacity","type":"float","data":1},{"name":"bumpMapFactor","type":"float","data":1},{"name":"reflectivity","type":"float","data":1},{"name":"alphaTest","type":"float","data":0},{"name":"clearCoat","type":"float","data":0},{"name":"clearCoatGloss","type":"float","data":1},{"name":"clearCoatBumpiness","type":"float","data":1},{"name":"specularityFactor","type":"float","data":1},{"name":"refractionIndex","type":"float","data":0.666667},{"name":"refraction","type":"float","data":0},{"name":"sheenGloss","type":"float","data":0},{"name":"thickness","type":"float","data":0},{"name":"attenuationDistance","type":"float","data":0},{"name":"emissiveIntensity","type":"float","data":1},{"name":"iridescence","type":"float","data":0},{"name":"iridescenceRefractionIndex","type":"float","data":0.666667},{"name":"iridescenceThicknessMin","type":"float","data":0},{"name":"iridescenceThicknessMax","type":"float","data":0},{"name":"ambient","type":"vec3","data":[0.5,0.5,0.5]},{"name":"diffuse","type":"vec3","data":[1,1,1]},{"name":"emissive","type":"vec3","data":[0,0,0]},{"name":"specular","type":"vec3","data":[0.267831,0.267831,0.267831]},{"name":"sheen","type":"vec3","data":[1,1,1]},{"name":"attenuation","type":"vec3","data":[1,1,1]},{"name":"diffuseMap","type":"texture","data":0},{"name":"normalMap","type":"texture","data":1},{"name":"opacityMap","type":"texture","data":0},{"name":"opacityMapChannel","type":"string","data":"a"}]}],"mappings":[{"material":0}]}}