{"materialInfo":{"version":1,"textures":[{"name":"base_color_texture","uri":"Basecolor_0.jpg","addressu":"repeat","addressv":"repeat","minfilter":"linear_mip_linear","magfilter":"linear","anisotropy":1},{"name":"emission_color_texture","uri":"Basecolor_0.jpg","addressu":"repeat","addressv":"repeat","minfilter":"linear_mip_linear","magfilter":"linear","anisotropy":1},{"name":"normalmap_texture","uri":"Normals_0.jpg","addressu":"repeat","addressv":"repeat","minfilter":"linear_mip_linear","magfilter":"linear","anisotropy":1}],"materials":[{"name":"openseamachine","shader":"phong","parameters":[{"name":"ambient","type":"vec3","data":[0,0,0]},{"name":"diffuse","type":"vec3","data":[0.8,0.8,0.8]},{"name":"diffuseMap","type":"texture","data":0},{"name":"diffuseMapOffset","type":"vec2","data":[0,0]},{"name":"diffuseMapTiling","type":"vec2","data":[1,1]},{"name":"diffuseMapRotation","type":"vec3","data":[0,0,0]},{"name":"specular","type":"vec3","data":[0.101235,0.101235,0.101235]},{"name":"shininess","type":"float","data":32.7577},{"name":"emissive","type":"vec3","data":[0,0,0]},{"name":"emissiveMap","type":"texture","data":1},{"name":"emissiveMapOffset","type":"vec2","data":[0,0]},{"name":"emissiveMapTiling","type":"vec2","data":[1,1]},{"name":"emissiveMapRotation","type":"vec3","data":[0,0,0]},{"name":"normalMap","type":"texture","data":2},{"name":"normalMapOffset","type":"vec2","data":[0,0]},{"name":"normalMapTiling","type":"vec2","data":[1,1]},{"name":"normalMapRotation","type":"vec3","data":[0,0,0]},{"name":"bumpMapFactor","type":"float","data":1},{"name":"opacity","type":"float","data":1}]}],"mappings":[{"material":0}]}}