{
	"scene": {
		"version": 1,
		"assets": {
			"renders": {
				"SG-R_PC_PROP_S.G.C_Vending_Machine.002_LOD1": {
					"index": 0,
					"meshes": 1,
					"skinned": false,
					"vertices": 1300,
					"triangles": 858,
					"attributes": {
						"POSITION": 1,
						"NORMAL": 1,
						"TEXCOORD_0": 1
					}
				}
			},
			"materials": [
				"openseamachine"
			]
		},
		"entities": {
			"0": {
				"name": "RootNode",
				"parent": -1,
				"position": [
					0,
					0,
					0
				],
				"rotation": [
					0,
					0,
					0
				],
				"scale": [
					0.01,
					0.01,
					0.01
				],
				"scaleCompensation": false,
				"children": [
					1
				]
			},
			"1": {
				"name": "SG-R_PC_PROP_S.G.C_Vending_Machine.002_LOD1",
				"parent": 0,
				"position": [
					-404.344,
					-3.1896,
					176.057
				],
				"rotation": [
					0.000337486,
					87.9568,
					0.00031895
				],
				"scale": [
					75.1147,
					75.1147,
					75.1147
				],
				"scaleCompensation": false,
				"children": [

				],
				"components": {
					"render": {
						"id": "SG-R_PC_PROP_S.G.C_Vending_Machine.002_LOD1",
						"materials": [
							"openseamachine"
						]
					}
				}
			}
		}
	}
}