{
	"scene": {
		"version": 1,
		"assets": {
			"renders": [
				{
					"name": "M3ADS.001_LOD1.001",
					"index": 0,
					"meshes": 1,
					"skinned": false,
					"vertices": 15912,
					"triangles": 6508,
					"attributes": {
						"POSITION": 1,
						"NORMAL": 1,
						"TEXCOORD_0": 1
					},
					"meshCompression": ""
				}
			],
			"materials": [
				"SimplygonCastMaterial.001"
			]
		},
		"entities": {
			"0": {
				"name": "M3ADS.001_LOD1",
				"parent": -1,
				"position": [
					0,
					0,
					0
				],
				"rotation": [
					73.9251,
					3.66869,
					-0.997164
				],
				"scale": [
					0.00112215,
					3.09691e-05,
					0.00112215
				],
				"scaleCompensation": false,
				"children": [

				],
				"components": {
					"render": {
						"id": 0,
						"materials": [
							"SimplygonCastMaterial.001"
						]
					}
				}
			}
		}
	}
}