{"materialInfo":{"version":1,"textures":[],"materials":[{"name":"Metal.002","shader":"phong","parameters":[{"name":"ambient","type":"vec3","data":[0,0,0]},{"name":"diffuse","type":"vec3","data":[0.8,0.8,0.8]},{"name":"specular","type":"vec3","data":[0.2,0.2,0.2]},{"name":"shininess","type":"float","data":100},{"name":"emissive","type":"vec3","data":[0,0,0]},{"name":"opacity","type":"float","data":1}]},{"name":"TVback.002","shader":"phong","parameters":[{"name":"ambient","type":"vec3","data":[0,0,0]},{"name":"diffuse","type":"vec3","data":[0.8,0.8,0.8]},{"name":"specular","type":"vec3","data":[0.2,0.2,0.2]},{"name":"shininess","type":"float","data":100},{"name":"emissive","type":"vec3","data":[0,0,0]},{"name":"opacity","type":"float","data":1}]}],"mappings":[{"material":0},{"material":1}]}}