{
	"scene": {
		"version": 1,
		"assets": {
			"renders": {
				"Cube.001": {
					"index": 0,
					"meshes": 2,
					"skinned": false,
					"vertices": 9386,
					"triangles": 2616,
					"attributes": {
						"POSITION": 1,
						"NORMAL": 1,
						"COLOR": 1,
						"TEXCOORD_0": 1
					}
				}
			},
			"materials": [
				"Metal.002",
				"TVback.002"
			]
		},
		"entities": {
			"0": {
				"name": "RootNode",
				"parent": -1,
				"position": [
					0,
					0,
					0
				],
				"rotation": [
					0,
					0,
					0
				],
				"scale": [
					0.01,
					0.01,
					0.01
				],
				"scaleCompensation": false,
				"children": [
					1
				]
			},
			"1": {
				"name": "BigFloor",
				"parent": 0,
				"position": [
					0,
					70.2004,
					0
				],
				"rotation": [
					-90,
					0,
					0
				],
				"scale": [
					100,
					100,
					100
				],
				"scaleCompensation": false,
				"children": [

				],
				"components": {
					"render": {
						"id": "Cube.001",
						"materials": [
							"Metal.002",
							"TVback.002"
						]
					}
				}
			}
		}
	}
}