{
	"scene": {
		"version": 1,
		"assets": {
			"renders": {
				"Cube.000": {
					"index": 0,
					"meshes": 1,
					"skinned": true,
					"vertices": 1162,
					"triangles": 1298,
					"attributes": {
						"POSITION": 1,
						"NORMAL": 1,
						"BONEINDICES": 1,
						"BONEWEIGHTS": 1,
						"TEXCOORD_0": 1
					}
				}
			},
			"materials": [

			]
		},
		"entities": {
			"0": {
				"name": "RootNode",
				"parent": -1,
				"position": [
					0,
					0,
					0
				],
				"rotation": [
					0,
					0,
					0
				],
				"scale": [
					0.01,
					0.01,
					0.01
				],
				"scaleCompensation": false,
				"children": [
					1,
					13
				]
			},
			"1": {
				"name": "Armature.001",
				"parent": 0,
				"position": [
					0,
					0,
					0
				],
				"rotation": [
					-90,
					0,
					0
				],
				"scale": [
					100,
					100,
					100
				],
				"scaleCompensation": false,
				"children": [
					2,
					4
				]
			},
			"2": {
				"name": "Bone.004",
				"parent": 1,
				"position": [
					1.40235e-07,
					-1.19913e-07,
					-0.80205
				],
				"rotation": [
					90,
					1.00179e-05,
					-180
				],
				"scale": [
					1,
					1,
					1
				],
				"scaleCompensation": false,
				"children": [
					3
				]
			},
			"3": {
				"name": "Bone.004_end",
				"parent": 2,
				"position": [
					0,
					2.3463,
					0
				],
				"rotation": [
					0,
					0,
					0
				],
				"scale": [
					1,
					1,
					1
				],
				"scaleCompensation": false,
				"children": [

				]
			},
			"4": {
				"name": "Bone.005",
				"parent": 1,
				"position": [
					1.40235e-07,
					-1.19913e-07,
					-0.80205
				],
				"rotation": [
					-90,
					1.00179e-05,
					180
				],
				"scale": [
					1,
					1,
					1
				],
				"scaleCompensation": false,
				"children": [
					5,
					7,
					9,
					11
				]
			},
			"5": {
				"name": "Bone.001",
				"parent": 4,
				"position": [
					9.85358e-15,
					0.205103,
					-5.36009e-16
				],
				"rotation": [
					-1.86694e-05,
					180,
					-89.9981
				],
				"scale": [
					1,
					1,
					1
				],
				"scaleCompensation": false,
				"children": [
					6
				]
			},
			"6": {
				"name": "Bone.001_end",
				"parent": 5,
				"position": [
					0,
					4.5643,
					0
				],
				"rotation": [
					0,
					0,
					0
				],
				"scale": [
					1,
					1,
					1
				],
				"scaleCompensation": false,
				"children": [

				]
			},
			"7": {
				"name": "Bone.002",
				"parent": 4,
				"position": [
					9.85358e-15,
					0.205103,
					-5.36009e-16
				],
				"rotation": [
					-89.9981,
					-1.86687e-05,
					-1.86693e-05
				],
				"scale": [
					1,
					1,
					1
				],
				"scaleCompensation": false,
				"children": [
					8
				]
			},
			"8": {
				"name": "Bone.002_end",
				"parent": 7,
				"position": [
					0,
					4.58553,
					0
				],
				"rotation": [
					0,
					0,
					0
				],
				"scale": [
					1,
					1,
					1
				],
				"scaleCompensation": false,
				"children": [

				]
			},
			"9": {
				"name": "Bone.003",
				"parent": 4,
				"position": [
					9.85358e-15,
					0.205103,
					-5.36009e-16
				],
				"rotation": [
					89.9981,
					-1.85999e-05,
					0.0020527
				],
				"scale": [
					1,
					1,
					1
				],
				"scaleCompensation": false,
				"children": [
					10
				]
			},
			"10": {
				"name": "Bone.003_end",
				"parent": 9,
				"position": [
					0,
					4.57142,
					0
				],
				"rotation": [
					0,
					0,
					0
				],
				"scale": [
					1,
					1,
					1
				],
				"scaleCompensation": false,
				"children": [

				]
			},
			"11": {
				"name": "Bone",
				"parent": 4,
				"position": [
					9.85358e-15,
					0.205103,
					-5.36009e-16
				],
				"rotation": [
					1.86694e-05,
					180,
					89.998
				],
				"scale": [
					1,
					1,
					1
				],
				"scaleCompensation": false,
				"children": [
					12
				]
			},
			"12": {
				"name": "Bone_end",
				"parent": 11,
				"position": [
					0,
					4.55614,
					0
				],
				"rotation": [
					0,
					0,
					0
				],
				"scale": [
					1,
					1,
					1
				],
				"scaleCompensation": false,
				"children": [

				]
			},
			"13": {
				"name": "Fan",
				"parent": 0,
				"position": [
					0,
					0,
					0
				],
				"rotation": [
					-90,
					0,
					0
				],
				"scale": [
					100,
					100,
					100
				],
				"scaleCompensation": false,
				"children": [

				],
				"components": {
					"render": {
						"id": "Cube.000",
						"materials": [
							"Untitled"
						],
						"rootBone": 1
					}
				}
			}
		}
	}
}